simultaneeity,YFACIMLSOVOJLLJNWHPTIMSSUEGLQIVJYSNVNLMQTUDMMDSBIEZLONPCRVIZNMNCPJSIQMUZGBERLINPIHLCNEITYDTMAZHDK
micawbers,JFGCWEBAJZZTJBERLINFDQNASVWHOSUYFJAABBAHMKJBHEPFOCDKYQSHYIZUPHETSJTSDYRIHTDUFSCKARGWWISOJXMZXBEGE
missend,JFMYZSLSVITKMIECXKKBERLINYZKXXDGNQDSELFYFTLDPRPKJBGLCKONUZSPEFVBYLNFCIVLKGDRIYGEVFOQKLMVMVKVQRMJE
differentia,XBAXSJXRBYPKYJOLPKMNRHPXUWBOONMAEAOLHBFTNYYHKHYSUYOBERLINTAJPJHMYIUETLPDUVFAZYURLBWMOOWZNOXXNBQKB
wordy,EMLOHPIAMTFAYMSCYZNRVDOCBMDXQSBCKLZDAUXZHEBERLINCBVPGYHCGUORLYPFIXOXIFOVQTJERYTHUSPVJOGBZHSNZBUOL
moblike,JMRXZTXAJCNEVHFWRPVWUBOMJZYUXWNYJLHQUEFOCBZUEFZBKBXNPDXHSJBWISOTFTNBPMRIXXLRMAODUTXBERLINPZMISELF
bronchus,KVLLOXNYQCZLSBGKPQVVTRELWFVKUQHPLFJHPFBNICTYXUWKOCHNKVAQDUHOPOPJCXKTYQAULBERLINHOBEACHRXZRMOLBWQK
watergate,EGEIZZGVOPPFYFHOHGKKXBFCMYXOZVXQVEJMOTFJMNHRODHJIMSBRGQXHBERLINLXEKYVMLVCOBRHQHIVOLOCNCCGVZGFVTIW
jerez,MCDWHTFPGTZCNSGNNDVQVUNYBERLINBTZXMZNUXSZQQIIVZOTWGTDUJWJLNBMKSNMAHITKRJRHCFNYKDUWWXIBTHSBYLYTCJR
diversion,XOIDLHBERLINKLDVABWTBHZNDRFGCFRDATCCJRCIFPJFZPNRIMCUMGDSKCOAANKPDVDHOJPLVWFVSCCTMNPFAXOKSLVLVYLZI
divulsion,XOIKRHBERLINJRDVABWTBTCNDRFGCFLQATCCJRCOVPJFZPNROYCUMGDSKZIAANKPDVKXOJPLVWFFJCCTMNPFWBOKSLVLVMRZI
extortionists,WVAMCUOPSDEYVLDZUANGHVHSHPPRKKWMSUBMPEDDFFTLMACKTTFUEBERLINSILXMBPQINGXCCPWRYWKEVKYYPQMYWEWGZAKUL
tetanize,TBERLINWQMXZHECLKBNKXKPOZXIJEIPVLQUKITYDEPODAMIGGZEXHLUNHABIIVPECAZFDWPFHVBOEHEYAQTWZCJLZCWLPKLEV
certes,ZBBEIBXMIUNZTTGEALBERLINJQYGUVGGBGPFNYYKBZSCIOWLLAFKQQUWLHUWIDJGQBVABWWTWKOWTPZESWAMEEBISKAXIOAZU
aquinas,RZHULSPQBVLADISBJFMFKHFHMWYKOBRKUDUFSQHVXVDBOHLRKIMSAGLILVLBERLINLJKOWHAEVGINRJZTKGGLBGLLPTZKHCVO
autogiro,RXPJLEKPLKEUJQAWIEGXGKRPCBERLINIBSTYUVGDTYOFOOAINIEMAEIBEWKTIMDLSIFBFSRMPZYPKHCKLTKBOCSDJUSNCMYEI
leafless,LMMOXYESZXGUEPMMRVKFKCTYBTFATJKRMJWBKRAAYTXDHWFKCLVQPHBERLINVCUQHGHBAIFGIDILGWFZJKRHMDGVKOZZHWVBG
plater,OFMVUGDBKGOITKAYXOBFIALCBWAYELCQBLHWWBFRJYMCXZCWNRSRCDUHAYWWOIUMFRMXSPBOPTIBDBERLINBEAYSWHAZPUCIG
cripple,ZYDQTYMOIQLDPCRZPTTGXLUUVFYHTSPSSDNLBPVFYTVRBERLINYWCYCBCRABYCYNTCMWZUUQLMNMEOPMTBLUMKJRHZUBVZEGG
plater,OFMNVGDBKGOIRRAYXOBFITMCBWAYELSUBLHWWBFXLYMCXZCWJYSRCDUHAZXWOIUMFRIZSPBOPTIOEBERLINBBBYSWHAZPMDIG
maisonnette,JKVLNEJJFCUUTJDBZMBKVKDJDGKSEAQMXGCEQXFCBIGLVMUIUGVRZFUHELYSPMBERLINMEOIGHTOYAPORDRGABASZGPECSRMK
