unrelated,OAHZIMQIUBERLINONEXCVVMCRQTBPDLMDVQIQKYSNGWGJHLMFEIRXMQLCHULKUXNRLQXLHCQWJAVNHGYPSDCZHBKHOFWYTREL
unrelaxed,OAHZIMKIUBERLINENEXCVVMCAQTBPDLMDYQIQKYSNGPGJHLMFEIAXMQLCHULSUXNRLQXLQCQWJAVNHNYPSDCZHBSHOFWYTREW
bicentenary,MEYEQFBTLBEQHIONPFDNAORWBRFQBERLINBSAPRJIXKVHSBZZUTMERHQENTADNKANFCASYXNGZRAKPOATMWDLXDHXLNYPLJZI
bimillenary,MENAVZBTLBEQHSRUJFDNAORWZWHABERLINBWPOHJIXKVHSZURBTMERHQEDKCWNKANFCAWXKSGZRAKPOXKQDDLXDHXLDXOTJZI
according,NLFOOJRACMAKXHSWHQDDCZEKMVZLRUPLLKWFBJQFDYFVCHBERLINYGZVXWOJZEJUTICXPHRLLKZPRENJFRUDUABRTNUTWTNMT
accordion,NLFOOJRUPMAKXHSWYHDDCZEKMDNLRUPLLKESBJQFDYFDPHBERLINJAZVXWOJZZDUTICXPHIELKZPRENTSRUDUABRMGUTWTNMT
inopportunely,EAIGLTJBBKMUXEREJYDWXZNBZATHIWKKGWYORFVDTOBERLINPKSURPXYTVEDYFTMOVXLUTNIMFQARNYZHFDXUZDDXVZULZZEF
inopportunity,EAIGLTJBBKHBXEREJYDWXZNTFATHIWKKGWYOWZVDTOBERLINPVNURPXYTVEDYFKOOVXLUTNIMFQPHNYZHFDXUZDDQCZULZZEF
lawless,CNZZTUGSYSXYWMDZFLMQGDTKKRDFTBERLINCEZZDTDDLDXBIFBNBPYDVQIQQPXXLIYKEQRYRRRBVXOGNCQWKNXZNWEVVKMFMJ
laminose,CCXLRBERLINAHCMGNGSXPITWKUMNAVKVDAPQPAAYQUTVLPFURBYSSQBSNBUOZIUISTQQDUFBARUPJPFQBLAKUJGLMVOELPVPO
thracian,VLHNOWALLULZXDOHJSYXPVPIBERLINOKCBCOCFYFOGUTDSIUMFDZVDCHKMIIKYCUUTQJYNWRQCEOQMBDBWOMOLKMIIRELDUUG
engarland,IFYNGDYADVEZXQGPMGMVPHEATKPHNRGMXQCCETPDDDMVVFUECYXTHKNFZIULBTNIYZDKYDZXPYLZMTIQNXFBPNYWJBERLINER
engarland,IFYNGDYJMFKZXQGPMGRTNPEATKPHNDUBGQCCETPDNMBEVFUECYXGVJBFZIULBTYWMHDKYDZXPEZIATIQNXFBFRMFJBERLINQC
sagittal,QXXNYVXAPVXCNVMUSJYTHIPSOPHPLCRSESPDKNCTKQBERLINXEFBICPCJITQDOFCALJBVPBYFGTNPAZMNJILKZKNYBIPMPGEY
illustrated,EJRLEVTLPVQWJAUASMQXOEWCWDDQAOPBOFGOGQEFYDHOLBKIGXDYJZQJWBGODMQCDYYFOBIPCFGUCSAZQSKJRPBQQPBERLINL
illustrator,EJRLEVTLPYPWJAUASMQXEQWCWDDQAOPHHFGOGQEFYDQHLBKIGXDYJOPJWBGODMQCJEYFOBIPCFGRMSAZQSKJRPHPQPBERLINL
lustra,CFFBJNHPRPPOJPDCCFDADLENWDDQAOJXCWPILOCCBABQKUJPYAOONPGDBUATWXUCQOKBJZQKNXEYMHAUCBPDLFGKBGBERLINT
lustration,CFFBJNRCYHGLRQISSTVCZKSVGXFCPNJXCWPITEDQMNNEOMGUHCQHHSPXDDPMWXUCQOGHLDTFTIJZISNWXLXGAKIITRBERLINL
coastwise,LYRJKGTXDKZIWRJWMSQYXRVCYGLIOLYULFBXCXUUUYFZBFPWFYIVPEATJVYWZOOOSREZIXYSIQXYIBOLRYGBTBERLINIFIHIA
easting,ISACYAJAMTFAYOJOHUOEOSWAHKSPYBYRTZHHUEYGMFBERLINVMMICHXMCGPAZXBQLMWYWRCDDBTIYYTHUSPCKRZTEXIILSRGG
cacophony,LSEEGVGRSDBWXBERLINJCFBYFSFCIIYFGSSLCYOJBEUYTVFOGCDKYQSMRAHJCXKZJZEJEMKZIXBWYLHQWFVJOISOJXMPWKKBL
colophony,LBPEGVGRSDDIXBERLINMRFBYFSFCLAYFGSSLCTWJBEUYTVHWGCDKYQSQNAHJCXKZMLEJEMKZIKKWYLHQWFXBOISOJXMOIKKBL
faradize,HSUFDOMQVFJYWSZSXDPNFFEJOMIHJNAIITKIFTHUZMRLKKNHSOZRILIZXOMKBFYBERLINMNRFXMXZKNGGHTUTGQDWNYSKKPVD
cranch,LFIZAZTZELPXAQNPYIQIOHGCTHUZGDKJQUEENZTBIUMDKXENPRYNBXQXPNDMONJUXETXOHEPJJEYJAUNHMBERLINKIGICPLHK
elephantiasis,IVEUYMRVPPFWVLCEBUVCIMILTCPBEUUJBVFMVEEJNOXWKTJTFVQSFUTPVOKBZZXZRHYHUKGXUBERLINPJBIZLHAEPKWOZEPHH
licensable,CWDDWPDLLAWVQZOOPBDLRRRDXMSIOFIOMZOMEKVIQCJIGXEERKSUFDUXPPZXWRMYTRBJBERLINWRXVRABONNLEFAMHCKWNCUI
apyretic,NCGZUBZRIXBERLINIZEJZWWVTJPCSQATHXAMEEFGHKLQUKZIREMQXKUVFNQZIXXNBIIABGUDFYTZHLHTVXHZCMXRYVQNEPDPP
strymon,QBHXYOFQGYMXBQQLPCIBERLINRQLJNRWGSNNWMLGJBUSZWSZEVTTWXUXTAEFKFVBYLNETSHFLWTGXIZFRWCXTGHMUUUDEHSHR
compounding,LAWWDNQMQJFWYBERLINWNXYONHEPFXWRYFWBIPHFKHYJXJEELSQUBQPOZHHNGJQZGOFNUTLGOQWNLKCPWSMSTMJWYFDVUTDSR
polypod,WOXSGYPCPZBUXXLNNFQDBERLINTKNJEOXPDBGIADSFMBIKERBSHSNJOAATUQECGWMHCBQDEHAKCIUZCHWINAADXKSMFZREVEL
