amazement,YOKLLSCWTHAZJDQZMNVWQYGXMQFATNMTUDNNFWBHCLYYHFPPNPJQHYUETNATFBERLINTAHDWPWWAUNCFTXXMWUTUJXTMEJOBF
christianization,KCSRJSXAGSKZESRPUAKKUWCCTDDOJEFVTAOQSCXSRQHHBJCIAKAJRYABERLINFDIQQDXLUHQLKZEUQGFZLIDDHKWHGFPHKONA
auscultate,YYNDNWPVGMGHUSNXIQPICKQJOMIHJLIPTFCOFSZNGHZICMTJWEVGGLCLIIMVOKEBERLINJRIRSRHZYTERDYNGOOFHZZMXKWHR
auscultation,YYNDNWPVGHIJQQBSXDPNFSUSNHGFZEMLSSZPCMWUZMRLKQPTQRWZXCKRIALHOKEBERLINFPLKQJVBMTITJPCRRPDWNYSKQGFX
impression,QOLWIJCRFDKVDVEVGFWFGEOEIPBERLINAQHUVSSXOLWYOEDUVPCUYARIGAFNCEVPUFDFTJROTHSTCYEJNGKSCXELGLFKGJIFZ
beseech,RBERLINRGZUGMRRLKFTMMBLFVJTXWNXKYJKKWIQYKIYSVKUCMPTRKGOOEABIIVPIYHVKHGUFHKNWOVZCTFNOEGEUDOYLEECPE
beseechingly,RBERLINQOMIVNTPLUHRFGPEJZJARQUJVQFWSKDZYXQVYCXIJXKCVKIKTKOWXMQEFYENVTHFUFKXUBUVKVDELEGEUDOYDPTPFF
boxtree,RHIBPGQHWQYPBTJNBWEBZIUVZDXVTRKOXYEEVLPJHYOMYKCRWBMZGOHDQGBTZMFIBMPFFHBVCACGBERLINCFMLUXTZKXNGHZW
gracefulest,VMGEWBAZVRTNEDJZJSUBERLINVPDNLSOVFLFMTYTFXTGMMOOJSPMYKUBBNRNEYERCHGHLYRIFQSKNYYYIXDTYGHDHCTWQAROQ
gratefulest,VMGJWBAZVRTNEDUZJSUBERLINRPDNLSOVFLFWTYTFXTGMMODJSPMYKUBBNSNEYERCHGHLARIFQSKNYYYQXDTYGHDHCTYQAROQ
decelerate,ZBERLINDPAVKDBCYKZBBAFUERUGKBYHYMLKGKBDSNTNAHNCFTCIRPKBDBESZOGNFVFSDUPRUXKKGVHLZHCENCIQDVTRUVKOLV
deceleration,ZBERLINDPPRMCBLYDUEFGBZPBUOVUYWSWGFOLTOSFTRERIOKXCJRUKXHOPOLOGNFVFSDUZSGWKBGSDQPQOIEJIFSCTDZRVLCG
decelerete,ZBERLINSPAVKDBCYKUBBAFUERUGVBYHYMLKGKTDSNTNAHNCBTCIRPKBDBASZOGNFVFSSUPRUXKKGVDLZHCENCIQSVTRUVKOLV
deceleron,ZBERLINFHBUYBYIFVGYBBFGELRUWRTGVJRFOLTOSFTRGFQZDWPHEAMIDKANZHNCGYHVKHGSGWKBGSDQOODCUICDJUVRUVKOLV
virgule,GHBNMZVXYBLRCSMLMQVVTREIGQFWWIUYIDPGKHJKPTNVYXGWJSXQOAGHWGOAJSSFLWMHOMFFSBERLINFUJRTECBWWZOTHDORH
kant,CVSNSIQDLYRCNJRVNKHKBVGSKBKUFPCODQEVBHJEQBFXVDUTRUDBERLINUPATVTXSLYVIYULAHPOUDUPBTIYKWVKMCGGVDOFO
