pocketknife,LVTDUBERLINZDDQZXUKKXJACVOJFJNEWSDGDJSZLTMCHUTRSZMWDQJLQZLDGKNYNCOYDYOPRJJNBFFGYGJFWELRNVWEDNCMZN
ought,ISACYAJAMTFAYOJOHUOEOSWAHKSPYBYRTZHHUEYGMFBERLINVMMICHXMCGPAZXBQLMWYWRCDDBTIYYTHUSPCKRZTEXIILSRGG
squalid,HSKPWOSQYFPMHOMFFKKFYXMIBMWHTMAEDKHGUTVBJYUUCBKOVQZGHCZIRBERLINVRWABXRBDPYZGMIHVFLICYBWCSZFAFHUOT
conflagration,EQYVZSVXUZWAVMBCWDJFLFBQYUKGZYPHRJMIWJVTSCOCNYIGKGABERLINAOVWYBPKIXSKFFHLDHOKIRGKNCXCARYNOPPRHMXO
sallow,HLHNAPLLMBERLINCRDRQYSAEOPBUGLSFEKUHSGBXYMZMJQICSJMBFIHVQRGZYUVEHRIJCFIVFCEOVXMDCDZQXVHGKNKAJQZLD
lentiginous,PSKLYPGWTLTCJAWGSBERLINDZRCRBXWHNCJVWKPIFXTQJKDSTMTSHJETBZIXUSBBPBCTAFZBARHPBQDPIDIIMNCKNBPKIAJZK
libidinously,PYESARCEHSNXDENGCBERLINNRJJZGYCTTQDGDKBIUHSUFOFBYJEDCVXJXFYELSNXHZADODWNOOECTVYLXNEYQCVLKTPZCHHJH
lumbaginous,PVRGDPGWTLTCSBNUSBERLINKKWLRBXWHNCSWNBPIFXTQJJEYFMTSHJETXKESUSBBPBCQBBABARHPBQKTEMIIMNCKNXTVWAJZK
villainously,XYYTDRCEHSNXOEDEFBERLINNVJAWJYCTTQDGOKZGXHSUFOFBWJYBFVXJXFYEFSDVLZADODWNKOYAAVYLXNEYICGIPTPZCHHJC
voluminously,XFYKZRCEHSNXOUDARBERLINNVKANOYCTTQDGODZCGHSUFOFBWKYTRVXJXFYEFJDMSZADODWNKIYPVVYLXNEYINGEMTPZCHHJC
pulicide,LVXPBICEIIIWSSTUPGJHOYPRHSMWAUZHXYNEZDLDVHSGRSSNJWBBSEKJBERLINCPSWHTFZHVLDYCVMTVJFHQRIUSVUWUEKJMW
ensorcel,CXCNSIQDLTTCNJRVNYLKBVGSKDPUFPCODVHVBHJEQDIXVDUTRWGBERLINWSATVTXSNOVIYULAJSOUDUPBSMYKWVKMEJGVDOFO
outpost,IVEUYMRVPPFWVLCEBUVCIMILTCPBEUUJBVFMVEEJNOXWKTJTFVQSFUTPVOKBZZXZRHYHUKGXUBERLINPJBIZLHAEPKWOZEPHH
admiralty,GSWEAGHMCVNHMMGAYBJSQVPCFAJEZJWFHVMKOYLJYYVNABWVANFSGGPBFLCWCZTRKKSJFBFBEXQWVBIEKXAAZZBERLINBDUIL
endophasia,CWGALSSAUMCGGCZHAUBCCTSEBHDBERLINFROOSYDTJECOWLBWBJBIRATOFAWWRUZXTTSFVGBBPLDYCZZJBXQRAJKXPEDXSOBC
mandalay,YBXVVSJVYXLSJVIQOWHLWFZXNQMXYQOLUJRNOQTCSOFIEKAVQAYERMGRTLNTRYMVMHYGTMACKKUBERLINKOZWPDXTSGTEKLTX
disenslave,DKDEIHHGXNSILYRMHKZFQFMSXRMPQINSGDNGGGNBUFIYBIUABERLINLEGALZVFCWJGKDWHTTGDLVKBDPIHMSEHZCOZTUFOEHZ
empire,CWGALSSAUMCGGCZHAUBCCTSEBHDBERLINFROOSYDTJECOWLBWBJBIRATOFAWWRUZXTTSFVGBBPLDYCZZJBXQRAJKXPEDXSOBC
operatic,IFYNGDYPXKLPQRZRLZFHPRRRDXZLRYLJDVRNOAMJDKHFQELPEPYBKPUBWWEWOICZTGTYSALNGTZOYOPVIYOVRBQOJBERLINAI
operational,IFYNGDYADVEZXQGPMGMVPHEATKPHNRGMXQCCETPDDDMVVFUECYXTHKNFZIULBTNIYZDKYDZXPYLZMTIQNXFBPNYWJBERLINER
operatively,IFYNGDYJMFKZXQGPMGRTNPEATKPHNDUBGQCCETPDNMBEVFUECYXGVJBFZIULBTYWMHDKYDZXPEZIATIQNXFBFRMFJBERLINQC
sultanate,HQMJORSBERLINSUPYJLQIRRWTWMJWLXKVMMBSJFUKJHCCGUWBAQYGUTVAVAERISSXRATQTFJFFIYQVARYPOBKGJARZJAPINPC
hydrothermal,SGWORJLRLAPARCSOLIZBERLINALCRKHVFNCYJCIJKWZKUWZIHJCVYMMHUVUCQLOWBHIKBEAYVPXRFPJXMOCXFKWRHYBLLGGOQ
elephant,CXCNSIQDLTTCNJRVNYLKBVGSKDPUFPCODVHVBHJEQDIXVDUTRWGBERLINWSATVTXSNOVIYULAJSOUDUPBSMYKWVKMEJGVDOFO
jeheemy,TTBYIAABVBZGFJQKFQLXDPYZJPGQOJHVLKBBWCPPGZFAYCZKIZBCEMBYDIPFWRYIVCVFSXXBERLINPBMBFGQTVWPWEQFVXPJQ
sempiternity,HTTDEUXWHASVXAMBERLINTCEUPGNSWLSCPSVYFVEJWLLWOSJETRQAZIPAEGUYBFYMNVVOEDLNRDTSIBOKBRQHVNENZERHWDZS
ain,GKECIAHXCHYGBURNUJCBERLINQDLCBUMCHWIOXVVCJSGAKHUZGBLKODDPTWOAQWRQSTVIKNHNNNGLVZGKMIHJGHDHCTURHLVC
ain,GKEOOAXXCHYGBUWCUKCBERLINJKLNBUMCHWIRHVSCJSGAKHLIGMLKODDPTNUATWRQSTVIVCHPNNGLVZGVBIXJGHDHCTLLHRVC
snotty,HUKJKMLRHIDXLFINJPETLWNTCDTXFWFKDLKLWJBERLINEITFJPOLIXTJZCXSVBYTTSCQHGDJYKRXOGZDMUQAXKKDNBKLFRXHD
alongside,GJHTPHBHXYNEBIQLTQWFAMWLYZBISCCFNGJBISEBMGDMUBAGKIGKCYCBCASTNRJBSGYDQXTKIOGCVGSCBBERLINZKOIPZPLJE
fyke,BYFRTKCEJBALLRJWMSQBSAYAZHSPDHXSCKLTSZOFNHMSQUDOKRJJCFSJMRCIYANZOWBTGGDMSQCGNUDTADUDXBERLINUQUQGT
laurustinus,PWTEIXCFNTTZJAPAXABERLINJIXBFPCRZKGBEOGGJKKVNTNWLWZFVUTIAWENYTMEVVQNBYNOHAPPNBAZYSMOIJTKFGRJIOQLW
turmoils,JLHJOQVSXWCSMUPMKUVWARIYAPBMEBERLINNANMARPQUUIWKBJMODSNEKJETPRSQGFDNHAWGHCEYQIWZIZWZZYXVZTUDUIABF
pelage,LRTQWDDXLAWVQZCDLLQRRONSBGXVPXZNDZACCWXZMZMZINRTCKBCYVAPNKZQOOFFTBBWBERLINRSFOELBCEIRSTHJKNHINEFG
chiasmus,EVYCXVMSUIUFNPNQUODJSVGDVIQPFJAVHAZSSNJIVBBHHLNKOBTEEHCGUKZWYVTYYXVTIINBERLINIUADTEMMTQVVVAJVWWDA
palatably,LPKZEGZPOOPYMAMXAZZUUATZBMRIHVUXJPBLPFWNRIIQPFRWDWFDKQFMAIGYKWWUIRXILTWFLXKUIBERLINXYXYYLGNJEXZIY
honeycomb,SOVISQBIQZPVFSEEDYCONKYJSTRHCXLKFKKQXRJQRCJJMEATRADDUAVAEUBTPVITDBKTDFQYTWNRUICBERLINGSICEBMAHQVE
scleroid,HRUCPNRTVQSMKDCZMMSZBKEDBQMAYKLZNIWBERLINTATZDFRDASWBRUYULIWDJBXXSXYVONLFNMUMHYWGVQEALTPLROFVHPJG
spheroid,HAXCPNRTVKCMKDCZMXCZBKEDBKUAYKLZNUKBERLINDDTZDFRDGCWBRUYUWMWDJBXXFRYVONLFZUUMHYWGYWEALTPLABFVHPJG
glairy,ANJORNTSIHCLMBOMAYTSOZGMJNSSCSIEVDEMPOVSTQJBERLINOFPVBICRDOYUWXWBLYOSMGFGYWHYJUVFPORCFFXVBCSRTIUA
menage,YZTCZJZRJVDPOFBPCWOZRQUFWJWEJODSCMZIQUXHQOAYHBHEQGAYQYMRNIRKQBERLINDATNWKLRUHEKQAXXVFNPABSTFIBGMY
menage,YZTCXOURJVDPOEWZCWOZRQQRNJWEJODOXHZIQUXHNQPYHBHEQFVXQYMRNIKIJBERLINCVKNWKLRUGKVQAXXVFMMPBSTFIBFAX
menage,YZTCLPZRJVDPOTUPCWOZRQGZWJWEJODXVMZIQUXHFMAYHBHEQOQYQYMRNINGQBERLINYQTNWKLRUSXKQAXXVFEJABSTFIBOOY
menage,YZTCLPURJVDPOTUZCWOZRQGZNJWEJODXVHZIQUXHFMPYHBHEQOQXQYMRNINGJBERLINYQKNWKLRUSXVQAXXVFEJPBSTFIBOOX
whitest,WVAMCUOPSDEYVLDZUANGHVHSHPPRKKWMSUBMPEDDFFTLMACKTTFUEBERLINSILXMBPQINGXCCPWRYWKEVKYYPQMYWEWGZAKUL
pegasi,LZMDTOWZJVTTDEAZEYUFZAJYBXCRENZLXIHTVXWHZABEGBUIDESEZMAHTOAIOPKYEPUXAKBZOOZUSJFYSEBERLINXUNFPCMAK
needments,RZQUHGQJCKHLLPCKJDKJRLRUARAZODBFSSJGSXGALXYTDEZAYTUYKVUHNZDBERLINWJWFHDBINWVATBZYBLHQWQSUBPZYUUAR
