altaian,ADGSUMHLGVPVDSIFKZYQULILXXTVCVMFBERLINTPXUBBXOZFGNTXBVWDZYBYGXSXKNXBHEAIBFZMSGLGHGLELIGKHBWAEBLFP
lepidoptera,WJHFQUZJESOKSXQVNYUWOKTOYXRXADSHBBERLINMUYVZPDKZVUMFXEMBGWZOWTBWDIVNDXNVCIPFFTMDXZUAQWPPSPUSDJDMZ
lander,WQWFWWJLDZWCKMYYLTKQQWNNHSLHPEOFPLAVIJLLMFXMBERLINRRYCGVFMZAEXOTTUHJRPRTUFQXFMLDRREYAZWSJGZABEEZN
lavender,WQQEIHVWFYFZXIDEEXUJQWNNHSHGUYEMOQVFGGZKFSNHBERLINXKQKNYHUHWCUGGXICFRPRTUFLWTCWJPTKMOVOIDAQPBEEZN
amour,ACBERLINOMUMFTLITKVKPZNZTSIPGEIRHJEJHMFDJUDTWXHGEZDPYIPVDACAUGJPBIGMVVZGAXCEZHGJDPEBWZUUKGCVNDINM
omdurman,CCXLRBERLINAHCMGNGSXPITWKUMNAVKVDAPQPAAYQUTVLPFURBYSSQBSNBUOZIUISTQQDUFBARUPJPFQBLAKUJGLMVOELPVPO
ladoga,WQWFWWJLDZWCKMYYLTKQQWNNHSLHPEOFPLAVIJLLMFXMBERLINRRYCGVFMZAEXOTTUHJRPRTUFQXFMLDRREYAZWSJGZABEEZN
paides,EQMTOXJPMGBQXSPYPRDULKIHKKKMEMTYIOGOAMTLDBFWOCUSIZDECQJFNTZTIKXPKUYJVUCOUXYFWPIXYRWZLKQCFBERLINSM
paideutics,EQMTOCIUXLJNFPALDMTVPPEDMFEGGMTYIOGJSDDUMAKQCXYWCKVHOJBXTZRTIKXPKSRBYZLTCUSRTQCZHTNUCFOTHBERLINLL
immature,ZCAFFPVDAIYYZTPVCGINHDISJURHMLEOKAFIHYMEDUGLYXWTLBERLINICBTKDDSXVTPIUJWLWRTXRXWPXLJUSEXKBVHSYXAFU
immatureness,ZCAFFPVDPVHPHAFKQDSIZQDEJURHMLEOVHXJPORIUMTGGBMCLBERLINIOIJRZGIYARQESKMVWRTXRXWPQXYVUHATNNOYGBYLU
flanerie,YDMXZPMGKGPWSXIVMQDBERLINVFKOLABNOGDUVTENYBSZIZGQCVGTIIMYSOULTMXOEXTMAZKKYIDHXNSLILJGODKLPCUZICUX
squally,BAZJNGOMGIPZKWNNCTKDIYFOXVWWDXRFCEMWFYAEHLCODIWATQTLBZGRPCLAEHKCWAXSAFBLLFKMWNHVLUAAMFZDFPHBERLIN
belonging,SJPMDAJBERLINVEVMAITYMNUVLJHDXJVKGWFVBNDJRGUGZDNGUSLJWAUSLEXIHYKAUDOGEUSLKRISPNXETSBLJXRYWINGIFYR
stereopticon,BWEICCHWGTZLXLNZWPQPLVBWIZYXOGNIGFZQDVXTHBZLUKGYSYYBERLINQAUVRNAJAFVTBPFNEEUMLENXKKSBMBJMIGDMSPWH
smutched,BCRFEDVTOONCHLGJMMVWDGODZEWBERLINWNXWCOECUQEKUAESHYUKRNNOTRTNAUMIAJZHGWKSRXXKOWWVAAYUXBQLRUDXRWJT
cirripedes,OFTGMGQBERLINJWRGUYIKBWGJDHSYXEXHXUHXOJGJXDMBBUYUQKHERGQGJLVVBHOVNJAOWWDEMGWERUOTQGVFUVXFBPNVDRLZ
ladoga,WQQEIHVWFYFZXIDEEXUJQWNNHSHGUYEMOQVFGGZKFSNHBERLINXKQKNYHUHWCUGGXICFRPRTUFLWTCWJPTKMOVOIDAQPBEEZN
conciser,OVOAOBSYNBERLINZZOTXLZTIFXQMRFEMUJETRVXTJBEFUPAVPRQKCKCMZKNOGZUAMAVNTEWTMDPGHMPVTTHJZJBMQIWOQCWIE
riband,GBERLINZQKCVRGSZICVGEHGDYQSMLXOMGNBPEBNHLSHSVKUCMREYHVHLJIWFALVUXFYTJAILUMTKGZGYPXDVWGEUDOYIMFWFQ
pendant,EFTYTAPGXDQZFGMROGWTYXPNYBDDQWPOVXLVUVSHSOKSBERLINYFGUMRUAKQUBRRAOUBAPOJARSIIBDQPXGLYWJVPLFAWMIUL
lacklove,WJHFQUZJESOKSXQVNYUWOKTOYXRXADSHBBERLINMUYVZPDKZVUMFXEMBGWZOWTBWDIVNDXNVCIPFFTMDXZUAQWPPSPUSDJDMZ
refreshingly,GFEZOUUAPJRHYLTAGULMZUEJTXORECDYVBERLINVHPIJGCNHOEIHDAMFOCPFGWACKFOHSRNRETBEQJVKQMIACXZEFTJOGCPVC
elasticity,PYESARVEHSNXDENGVBERLINNRJPZGYCTTQDGWKBIUHSUFOZBYJEDCVXJEFYELSNXHZQDODWNOOECLVYLXNEYQCCLKTPZCHHJR
elastivity,PYESARCEHSNXDENGCBERLINNRJJZGYCTTQDGDKBIUHSUFOFBYJEDCVXJXFYELSNXHZADODWNOOECTVYLXNEYQCVLKTPZCHHJH
jaggedly,XFTPLFVFBXWEHEWKJQYFREEJUQXOZQGGWJAKWEMELYYTLOIHVCYQTHUWBERLINSKWGXXDWLUTBLLHZNGPJGFGHKBOOCLEAAFY
jaggedly,XFTPLFYYSMZNTGCHBJFDNNUXIXXOWKLWZDCSNEXPCXDBAAPVJEBMVXZABERLINFJUAKSKZPCVTRISAPUWQGFEQTMAZEWAAGTQ
guttersnipe,RXVFLGPFGMNIGLBIZSTKPFTUZZQYDAABUBLCTNBASJPDOHSURGABEPLSOPBERLINSRQCIUWVWVINDGNRCJBNPABDJAFYKHDWW
campongs,OFJUOSABIIKPWCRVHYOZHYIPDYVVOEBLFNCDPNTIRCWHHTRGDCWUMGYKIEGCPGLVTTRJNUULYJQTRJWKMXEPNOUFQBERLINJF
dickinson,TTHKUOBERLINOJRTKTOSWWZAOBLTNWVVDZITPKMNDFWKACKRTOQUMWKHVMICVMFBYGFKMZPTJDPSEMKSQLLKTLWKJISLZZCAE
antitheist,AKYLFJVRGICWGYABZVEIVXBERLINJHIMBVVIUKQATKEYGLCCKHPYLRKADWFDUTDCNHQKTNGMBVZTQDYOPYKQQDUEPJCGGJKMZ
colosseum,OXYDTXVOHNOZFUMQCNBXZUKQQQUBERLINCZEWQVIZGTSFOCARVLNQXUKLJSBLFCXFEKNLUNNPJZVNNWXOUNMNYGXBYAEGCMKZ
colossian,OXYDTXMNGNOZFUMJWMBXZUKQJBQBERLINOGDWQVIZGKQEOCARVLIBWUKLJSBGKBXFEKNLLAMPJZVNNNFTUNMNYGQVRAEGCMKU
midland,VHSZWATYAZQZXLPLHJLTVIMSHBLBMZNXBBERLINHSOTSDTBUVDOUMOMISGPGUHHJVHUFQPWFYTSCCPKPVTSISNSNJWGMOEBIL
ojibway,CGMSMDLZFAYRDZAHQJSKDIJNWMQHJINLXAMSJDNVPTVIEKLZTWUHFSCAZZWHOKGRSKCSFXCPWGANYATBERLINMMKEKKIDNJLP
discourgement,THJHOCSGXMZWGLFAUSVYSWHIFESDDCLKRICEUSFMJGSVFURGHLABORXVSBERLINVGMJNLCNDZDRXSUXTQPNHWUEZMRFSMJIRI
innards,ZQXCRLRUEDUFAOAGPRJPBFOTXXRFNVPXVESEGJTQGDKMCBOEKWYFKFQCLPETRANNJSXBERLINXGMEAIDHTSKCZXPQADECVCYK
elasticity,PVRGDPKWTLTCSBNUNBERLINKKWTRBXWHNCSWSBPIFXTQJJXYFMTSHJETEKESUSBBPBVQBBABARHPUQKTEMIIMNVKNXTVWAJZG
elastivity,PVRGDPGWTLTCSBNUSBERLINKKWLRBXWHNCSWNBPIFXTQJJEYFMTSHJETXKESUSBBPBCQBBABARHPBQKTEMIIMNCKNXTVWAJZK
cast,OSYQWMTDCIFXNEBMHYGXKHJODXBERLINBNECNOEGRZCADJTIKCPQHUCMIOZBUZHXXTGEIWYGYJYPGYXYMQWMIEYHJBGKARKHF
debouches,TYFGELIHHNTPFJJQIRPLVVJFLHBDRSGZTAHMVXSMSSWIFOBERLINKSJNHLVKHSVKYJVPYNBKYQCZKFJAOUMVNWEXHDYTDDBMV
orbitonasal,CFFBJNHPRPPOJPDCCFDADLENWDDQAOJXCWPILOCCBABQKUJPYAOONPGDBUATWXUCQOKBJZQKNXEYMHAUCBPDLFGKBGBERLINT
shielder,BMYRWTEUMNITBAGZAITJIKWECIPCUYEWLPCYTEQXNTBSGZFIYFXPKMPMADNWEKHPIXODXRWCHWRELAZJAKEDLFGENKRBERLIN
