fritillaria,TXKIOPKXRXZVVCKLLUJSNVQMSOXFZEWYHFPTFIMHQDSLXHPUWIXKHQGGAMBZGFJDFEPPTGUFREUGVHGBEMAEARTHLNPBERLIN
rewardable,IGMRJSOBIUPUVINHTIOBINPCSKYYSNKKYLGCRFMYEQWDPBRSLFMFZUBERLINPLKNWTPASZAJLCEDZPVXVWUMZNBQNUQUAELFO
phosphoresce,GDDYHYAILAWVQZVVKCMSWVWWILPBGTNIDAMTBRTZXVJFVOTZCMDKFDFQMFPPRHMQUKOHBERLINHMUWCVTKISBDCKKSGDIRVAF
midland,XCOOREADDXIKTLKRXMGCXDLFMFQJUXHZHBBERLINBKPFHBEPZCKVXOIZJIZMWCGVKMXQWYMGBTPNNOVBXZOUDWCRNVBNEEOZR
verdi,QSBVKTFYHBBERLINIQAXUVIIMAMAEZJGJOZGSXCIOMHRJZGVXRLDNYOFIIVOLVSAXJQBHXYZGZLVNQHANHLOQFHMIIQITENCR
orbitonasal,EJRLEVTLPVQWJAUASMQXOEWCWDDQAOPBOFGOGQEFYDHOLBKIGXDYJZQJWBGODMQCDYYFOBIPCFGUCSAZQSKJRPBQQPBERLINL
orbitonasal,EJRLEVTLPYPWJAUASMQXEQWCWDDQAOPHHFGOGQEFYDQHLBKIGXDYJOPJWBGODMQCJEYFOBIPCFGRMSAZQSKJRPHPQPBERLINL
gliadin,PZVJTFQPTDDKIYPBERLINDBWEPRZZDCIIGRYHKCIWJTWAIBSNOUFIKYSGXNTYNTLNZEGEHWPZISQSXJQNZJSGTVDWYPNYVXJB
tumbleweed,FUJFECFYDWXERSVZZJBSRDSBJLOEWXQGVLUBERLINHZSYBCPWOBHIXIAKINQKZXTMADRRRYSVKHUQTZVBHXLCDEPDKHBREZEI
garboard,PCAFFPVDEIYYZTPVGGINHDISQURHMLEOTAFIHYMEHUGLYXWTUBERLINIGBTKDDSXKTPIUJWLRRTXRXWPYLJUSEXKFVHSYXAFZ
larboard,ZCAFFPVDAIYYZTPVCGINHDISJURHMLEOKAFIHYMEDUGLYXWTLBERLINICBTKDDSXVTPIUJWLWRTXRXWPXLJUSEXKBVHSYXAFU
garboard,PCAFFPVDAVHPHAFKXDSIZQDEQURHMLEOKHXJPORIZMTGGBMCUBERLINICIJRZGIYERQESKMVRRTXRXWPXXYVUHATWNOYGBYLZ
larboard,ZCAFFPVDPVHPHAFKQDSIZQDEJURHMLEOVHXJPORIUMTGGBMCLBERLINIOIJRZGIYARQESKMVWRTXRXWPQXYVUHATNNOYGBYLU
pulsator,GUSDULBERLINXLASRXBKRJCIKIMTEGNAKKUHOASPXAFIEFCOEDXMJYWZRNWAWJKASXQOHFONWQGWMPEUFPINIZDRYXRWREEVG
throughput,FYVEZSZNHNIHIXZPIXTKYVRTXVOHUSOUPFMHXKGLPYHZRUBERLINUUXBCRLDPGXDJHNCSPQFLFXCQBFLIRVQEVUJTZKVCCPEC
benedict,BOTIKDCFWFLLSHUYRUKIVFNOEBJFEIVOGSQJFTOVNRVDFNGQTJOJBERLINPNPLDAPAHRLYOYIKVEIVXLUQDNJJKSLMECJOQHE
vespucci,QOLWIJCRFDKVDVEVGFWFGEOEIPBERLINAQHUVSSXOLWYOEDUVPCUYARIGAFNCEVPUFDFTJROTHSTCYEJNGKSCXELGLFKGJIFZ
regent,ITTCAWBIOWCYRIPGGRFNUVPLYXRFNVPBXLWURGHDLDJYIBELALVZHYHNGPUTWWSPHNYBERLINBIXYLPAXQDKZCTPKGLOPCWMQ
credentials,AHSKUNIXUNTAMYFIAIHCUYWZVLKNBERLINNMXKMEFQDBLUPHWULDTADCPMYPEIDUVTBEBTPMDMAOIXNUCROOEGKXJRLNIPQLO
suable,DQDHFLESZXGUGMITSXUCCVCORSTJMOKRMJWBYJTNASNAWDLPYNHPLPBERLINXXMSNICOJYLJBFAKRFFZJKRHQZDBOAQVWDRES
regent,ITTEDXSCVMCYRIPGGPIQNJQFYXRFNVPDRMUIMBHDLDJYIDHMOEGQHYHNGPUSKXTWOHYBERLINDMZKEQYXQDKZCTOPHIZQTWMQ
diergolic,SKSUJWSOXXLXMYEVXHODANRUQZOTTNUXWGRYTDLYYTCEGBUWAJWDMZSPROZTVBLQVPLIDBRXRBERLINRSIOUFEYUQQQOINJGY
regent,ITTILLBFCMCYRIPGGAVGUNAFYXRFNVPHBEWMOBHDLDJYIHUEAHKQHYHNGPUDALSKMHYBERLINHZMYHAYXQDKZCTCDALYATWMQ
dictatorially,SKAFYFKWJJNEGFOVVFWUOFULUAXZZBXOJJWGURPPQPEHMYHZTRQABERLINAYIFDQCBMYJKCMCTBOBCVZDKGGPTQPBEUKDYFNI
ampere,CWGRGOXPUVOGLZULULFCOBSRBGXBERLINSWTWYYHKJIZRKOTRBFFILAPNFAWWRUNQPVYFKCBFNGGJOPZFFXDRSTKXPEDXKRAR
dictatorially,SKAYSFIWJJNEGFUKVRWUOFULUWYZHBXOJJWGEOPMQPEHMYHIBRCABERLINWSIRDQCBMYJJGMXTBOBCVZKTGYPTQPBEUJHYRNI
gaucher,PBQRKHNPWTNMSXFSOQOTEBPKCLKGURRDFLIBRJKRXGIDAYMPOGLLYQUJLCUKRFXLYWVCGGWVNXXEYAHHFGOXEZZBERLINHNGF
suable,DQAYWJEYIUIGJQLOLNEYREHZCUSGNWMFGAAIDRVGDJHQWHRSKRBIWIBERLINXXIQTHCRSZNBEHCRFAYMBISBYHFOSZFAMREMH
needer,WTPJPZTFGKPZKYBSWSHIWXZCHJWMCGNASMGFIKWUXHFGEFAAIPAOBERLINOWEBEBDWYETTAQUVKYMQOOTYLMACPDVIGYEFLIN
nutshell,WQDQKISSOIDQOYYZIFPQQWNNHSTVSPURXAQAQKLHJQRMBERLINHCORPEABFMJBORYPLJRPRTUFASIDAZVLXGFCWPHUYABEEZN
spatual,DFOFZCPXUCYPGTXZTAXPLGKCLDCESMLPWHGCJVRGQDFMPAKLLPFJBEGTOPRGCFPYXAHBBPTJBERLINANEYHBBUIJTJRVQBTWJ
originate,EHQAGYSKGJPUYARCVBFKIILAKWMLAQIDXSDFZNQMFBBUAEGCUZQYPVOBERLINXFGFUMBMRDKCSLNYWANTMLHCHVGULEGPPCGO
lucent,ZQXCRLRUEDUFAOAGPRJPBFOTXXRFNVPXVESEGJTQGDKMCBOEKWYFKFQCLPETRANNJSXBERLINXGMEAIDHTSKCZXPQADECVCYK
purkinje,GQSSHRAGYTPYIEKGNVIWAFNRYDIRWATQEKPWKVGSCWJGPFLPNOURQCRWWNPQFBLRLNTIEWQBADTYQKRXDSTBERLINIOHHMYAQ
baybarry,BBNDOCQVRMHJFFZSXDPNFVESZQGFEWCLQDXPRDHUZMRLKDNTKAWZDULRPEJHWMYBERLINYNLSKJVQTUIMQYCNNQDWNYSKDPFT
observandum,EAIGLTJBBKMUXEREJYDWXZNBZATHIWKKGWYORFVDTOBERLINPKSURPXYTVEDYFTMOVXLUTNIMFQARNYZHFDXUZDDXVZULZZEF
observandum,EAIGLTJBBKHBXEREJYDWXZNTFATHIWKKGWYOWZVDTOBERLINPVNURPXYTVEDYFKOOVXLUTNIMFQPHNYZHFDXUZDDQCZULZZEF
keypunching,JTWNNYKXWJRABERLINOKPQDSOXXOEUCHMRGMOJKMUUXKDDJFGUQWTHNLPKGDEDNZYSAKRDWCONAIJJZPKJCLFOSPAKJZIYNCW
indictable,RVDPEFCJHFUCOEGFNVDILBMNAAFSYRJJEYPQAUHGQNOSGPFBOAAJBERLINWPIELVYHKPAXCTETSMMPIASVDGZRYYBLFNKVMVF
mealymouthed,XTGRMXJSQULMWIIZXLZXHOLXXKFWVWNKCPRHVMXFDGVMMNBSTAQUCQWKMGPTFXWGUMYJQUGGBERLINRWLRCWNGHEWDVLSWUNQ
indictable,RVDPESGJHFUCOEGFGKDILBMNAAFKSRJJEYPQAUBLQNOSGPFBOREJBERLINWPCILVYHKPAXCXITSMMPIASVTLZRYYBLFNKJVVF
indictable,RVDPEOGJHFUCOEGFFKDILBMNAAFZSRJJEYPQAUALQNOSGPFBOKEJBERLINWPBILVYHKPAXCWITSMMPIASVPLZRYYBLFNKIVVF
indictable,RVDRCQJJHFUCOEEDRPDILBMNAODHCRJJEYPQONVQQNOSGPFSPIHJBERLINURWMLVYHKPAVAFMTSMMPIATQMQZRYYBLFLXTZVF
indictable,RVDLCJJJHFUCOERDWPDILBMNAUDDCRJJEYPQUNMQQNOSGPFVPEHJBERLINERNMLVYHKPAFABMTSMMPIAQQHQZRYYBLFAXKZVF
ebcdic,OAGSOGYQKIDWBOMVZQFWDGSAVNABERLINAQDWPAEKYDUXRHOWSLUDZZZYBFUNEUXFEKNLNHMPZDMQBPGLLXJIFGKXPEDXRXGR
aspis,CCNRHAENCIRVFGHCMYDGWNZNFYGCOTLRJYSNSKHNKZDTJKIEADJRBCYHJKWBUZVIPCRBERLINYYGLBLHFCIHKLRODVVTAQVLS
semibasement,DTTEXEWCQWGQXQXIFQRLJBQVRVAPMSMVDQWGVBRENQVQTYEDJJWBHCKFYEPOXBFPOCUBERLINHJEABMAWFFOQIGUOBFLIHRJK
stalement,DEICUKMRBYYLGQXNRWRXRYYBVHUFVSAVDQWGVIFCJCLFMAKAOJWFPFKNGOELNKKFCCDBERLINURCTWGZELRYCIGZQEFXKBCYU
statement,DEIVUKMRBYYLKQXNRWRXRIYBVHUFVSQVDQWGVIFVJCLFMAKAMJWFPFKNGMELNKKFCCWBERLINURVTWGZELRYVIGZQEFXKUCYU
helminthiasis,YTGQYOJFWOKCSPJNNMHYQTHSPAYGCZCHSPFJGDGJJDMYHIAOIZKLJLKEVCMZIFSIMBABERLINVFKLIDEXOXYAMACATFHTQGET
helminthology,YTGQYOJFAUREDPJNNMHYQHTAOEYGCZCHSPVSHFLJJDMYHIAIOKYUJLKEVCMZZYALVBABERLINSYRNNDEXOXYAMLZBSJHTQGET
helminthiasis,YTGTWOJFWOKCSGENNMHYQTHJXAYGCZCHSGAJGDGJJDMFCIAOIZKLJRUEVCMZIFSZGBABERLINSAKLIDEXOXFYMACATFHTTBET
helminthology,YTGTWOJFAUREDGENNMHYQHTLKEYGCZCHSGLSHFLJJDMFCIAIOKYUJRUEVCMZZYARLBABERLINJWRNNDEXOXFYMLZBSJHTTBET
cheekpiece,ARMCTEQRAVUFBYBACDDTLLIZAXBERLINXHHDNKHHJISYHJNWZPXUXISHPIWGUOKRECMKXKZAPVKPTXRQXUABKLHPHNCHPBMGW
slushy,DJTDEMLPZTMBEKCDJHLJLGZDCFDVFSEXDIXXYSBERLINONKTGRYNWHHBXJBYQLXSWFIFXJKCFJXMIATSBZZWBEFEEFDIINDCD
organa,ERBERLINQMVOQTESEZHROVWGGBRAYAZXFURLPWYJVSWQMTKGCODOVTRPWLPRDKIWPLBYDAUZCNOWJFJFEQDXRESDDBGHNDINM
decidua,SLGXNUDYGZYNUDHGLLQZXGZZMTUBZNWMAOQSQSXPSAMADVBERLINNMNDJJDFLYQJYHPSLVBBOOCTERAVKKDIGGDGIQVWBYGTL
