rewardable,RJQOBSDIOMLZYDMMRVKFNQEOCUSGNWCBKDMOCHFDFYKDXRECIEKXQUBERLINIQYWITBHVVUQWTDHVDLYKXPHYHFOSZPPOTVBG
finnan,JFWYDANOLHTMMFNGOFFGKHLWAXLTJUBKDSHOADBYSQDEHYZUBERLINJDNASJPMVIMPKCAQZBHTQHZYQXBJMEZNHLTUEKHYCPF
langorously,EQMTOCIUXLJNFPALDMTVPPEDMFEGGMTYIOGJSDDUMAKQCXYWCKVHOJBXTZRTIKXPKSRBYZLTCUSRTQCZHTNUCFOTHBERLINLL
tubule,XSRHWJCKYFGHWAFFUQGUBGISIMUJPTXUUTWRFORRVYENVRWTJOOPYYSOTOIFBGIHBERLINWLVXXKFEDNNHRATHAJQPFBVRAFQ
literalness,EFOXIESOZQFNYDIPAHFCHZCQGVMIAFZGCWEGEVDRQYCBIXQANFDJXNDSZVCKCHXJLDTBWNUXUIAQPYASJBERLINBQMKPNRGRI
naturalness,CQOHIESOZQFLDDOPAHFCHZAYGFMIAFZGCUNGRVDRQYCBGSQWNFDJXNDTAVZKCHXJLDYJWCUXUIAQPKISSBERLINBMKKNNRGRI
nicotine,CFZNSIQDLMQCNJRVNJAKBVGSKXNUFPCODDTVBHJEQXOXVDUTREPBERLINEVATVTXSAUVIYULATVOUDUPBQBYKWVKMZSGVDOFO
curlicues,NSVUIOXJVYNGYKOLKUVSNSERVOPLZIAQSSJGEYJKDQSLQHWULRTJEKCBERLINWLAKZJXTMDULXNATKZCGTASCAKUZTUNAQPAR
alarics,UDMNVELMNKNUIIWQOTMMAQZHMXDJDLONHJXJVFMETAXBQHCDHNFYILEXOCIAQMRSBIQBERLINMAWQBAEKQZWXEMHVOKADBAFI
droopingly,MKQIBOTFNODCNJRVNMJZPKEJJXKCKSYNXQRBQSYXPFKQXKOSPXNBERLINGOSZKYBVAYDPOHOUHNLAYAJLBPXYGSYQFVGVDOFO
saintliness,VQDBSGPCUAIKKECSWWTVEPTNAJISCNRQIZMFWZPSVPWNTNZOGGBVIKHXOEPELVCOIVJFHNMHGARSXLEBERLINUNIWGFZKBQPI
mambu,DQAIFXDQYFYSYCPSOGZCLJMKXUFAOCHKELCBYWOMUSGQYNEHFOEOQQNZOBHJGJCMTTHBBBKFBERLINDDCYJXSSFDPNHDOPAVL
peery,ZJCQEWBQSCEKLWXCTUTZHUXUILPINETAJKPUCFGXOTJOPQABJWVKIDJKXJHBERLINQOEXEVUIMITLDNVUYLPAYDOGGRPQNZZE
spermatic,VXELIGDGWTCMVTUSVQHQYBMJCLKGURBZELSMDWKLGPZDXEBPFFJBYQTWRZRZRFIDMHFXFTAVNHXRBJHOFVUIEHIBERLINUBFF
spermatogenetic,VXELIGDWNZNMNANTBMNOSOODYGXICPPHAQPQFUXAFZZDXEBPFFJBFJZARVTWZXGIPMCESWPQUYKVWFLYHXNGRGEBERLINUBFF
inexplicitly,GBEMLUYOCTKKDDGIRQKMLNQUMMSXQLWXDEZVTVKOSZSVPILBYDTCQNYJZDZVIGNSJCKLTGIPWMSEMKABERLINPKLAICCIMATN
mushroom,DSJZLNIZMFEITQVEQDXSNKBURMDRWATQETUYNMEKUMVTAHJNYOQHVOFTQOGGIKZGARFYKSJSBXGESHJMCHZBERLINNWNAHKRS
darkroom,MQUGCVTTVJPITQVEQRMZIJUACSIIIDNZIBGYNMEKUCJWPTPODNZYHBRCXCOGIKZGAMSUVVPMJFMZXLOWGMLBERLINDLFPTGGH
kelly,YJOVAJQTEEMZGRLYEESOQQVVBOJYZJDBERLINPMPGYERWEUXUTRXOFAUESUFJQGHHHMPYIVQBUCXSZWURXHORXVQFMTPJUUMW
exude,LZMDTOWZJVTTDEAZEYUFZAJYBXCRENZLXIHTVXWHZABEGBUIDESEZMAHTOAIOPKYEPUXAKBZOOZUSJFYSEBERLINXUNFPCMAK
lepidolite,EFTYTAPGXDQZFGMROGWTYXPNYBDDQWPOVXLVUVSHSOKSBERLINYFGUMRUAKQUBRRAOUBAPOJARSIIBDQPXGLYWJVPLFAWMIUL
theodolite,XCVFTAPGXDAVTWMROGWTIUUPYBDDQWJYHBLVUVSHNYMJBERLINICOOMRUAKQBONEAOUBAPMGZESIIBDQJUORYWJVPLZTIYIUL
crewman,NVVTDCCESKGSRQAQNCGJEPWRPLAAAZYDZPRINBTHJFRQQKVZTOHCMNESGSNPOQCAJZZNBPOOIMFSXYYYRULXSNKYEBERLINKX
promontory,ZVYJRNCQCRZWHUIMBVHGOMRPHJWOEXZNXPAMTSBXDBBULHDHNQBVSSOEBLPQRMMUQZZSHWEOUWZRLYGJXTEZUREDDBERLINBQ
foretop,JMSWIWDKIEAYDDLCPBERLINACGTAVFCTCBKIADJKBSRBBFDRRNVTVQHTMCPYFVFHUZKASGDVCVLOVURUJREHROHLLHRXGSVKE
ackermanaxle,UHAUNXFLKZYPJTDOZISCZFWOVJNPUSKJWOPKUQOJQVBERLINICZDNBFHWJEPWXGYDCFKTZAFLVLEAOAFYLPQGXCBDMAAPGGRH
timework,XBODCAJRXVMPOFEDAFGFWRRBERLINESECDCBWHJKWFALPMGVGPNXZRLZBFJEIPVJGEXTHSQRVKYVXYLQIXSVFNSHSUFZEINHJ
guilloche,IYBSILFSZWENHTWTFMMYOLEGDUSFLUNXXNYDAXYEDSQAWCIRPOVPWWOTWFLRAGQYMOYYVOVMGQOMTFGZJZZFUEMBERLINOPNI
participable,ZJXHMEBZUOUMQXRYZQOQIRIIDZBXCZWHEGGJCVDHJDHMPCQPNWMEYQUSOHOUYQSFYNXGFCOJZDBXQHZQHQAXCUXBERLINLCBG
participator,ZJXHMEBZUCAYQXRYZQOQIORZDZBXCZWHELZKCVDHJDHMPGSGNWMEYQUSOMLOYQSFYNXGFGLKZDBXQHZQHXNBCUXBERLINUUMG
palpitate,ZJBCGJVCZKGEFSSMBJTFGXAOFOBERLINZHKTRFBEXOXGAFWJLAZQPUWEUNAVNWYXMRMKAKKCWBOUYEWYJYRTNGRVAZPZRFZEL
pompadour,ZMACCEHLBVANYHQWIRKDRQREHHMELLOKMFRWLHRHTKVMSBERLINVKSGFNIAZESSRMRHTJXUOWDTUXSIDZXUFCUIRHDZWIBNLN
timework,XBADNAJRXVMOOVEDAFGFZREBERLINGSUCDCBWHMKAFALPMGXGGNXZRLZDFKEIPVJGGXHHSQRVKTVBYLQIXSXFPSHSUFZGIPHJ
spacesuit,VLFOOJRFXOTPFJJQVWZLCJRFZROQDOLDLCFIHGSDKOCGVLBERLINAYFNREAKVNNDEIKHIUSWQCCLQEYOIAMVNWEXUSXTWTNMT
counteridentification,NIKYHSMIMWNYJSEYOQHYNWPUKYTVCUWSLEDTECEEBGMKORFPNTIZTZRWIMAKRNDTQQXZBERLINHMUWEJIUUSPQKVAVROJCAMC
identifier,GDDYHYAILAWVQZVVKCMSWVWWILPBGTNIDAMTBRTZXVJFVOTZCMDKFDFQMFPPRHMQUKOHBERLINHMUWCVTKISBDCKKSGDIRVAF
toplogic,XIVPDATOTVJWIMCYKYHFOWZTLBERLINTKXHFEEQMUDJGPZCCGLVBJLTXWRGMPQYOEVJZXXTMQTICPDVHNOUHNUXDAYPWKYIAM
lonelier,EIODIEKELLGWHPMDCYYTROLLYRZFUZISDCWDPRAZDDKYINZIPHCZQWWJNDIUZCUFVNJKBEZYCAYVTSRTBNRJUDGHBERLINCWA
lonelier,EIODIEKELLWGYBLYVRKMNTRBKVFCAJKNKVZKRWTFDSDAMOZNNCSGTCUKUHYXGMDZSSXKXQEWDIIWSMCOBMRJUDGHBERLINNGU
dunkerque,MXXRPSNAGUKLDDRBERLINCLLYMEBPETIXHZJXKRZABCVLJWBFNHGOZGTNMPHMNFSMRVFOGRFDOWIHVJQNZJSFGJRFFFWPLXZC
adjutant,UCZOYHJBPIQUIIWQOGAFTUCTFUNABYOPVATBTGFCSUODMCLYGBPQAKGGOBVNKUKVMTUBERLINRVLLCLRQLBHVVMXTVSZMCRDL
sumatra,VXUASPIVPCRYSWVADMNSHPAVYOMQMCBSLTVUGZKLHEWVSSDWHXQESYNRSWMUTDZDMXYIYCJYXSBERLINDRARSPURZNXFRUIMZ
squalor,VZHGXVFXJTWNWRHVLJKVJYFOFHXUIUAMFFGLWOYHBTCODIWNNFNHGVOBSXERVPVFONXSNGBLOTIRPJQYQDGYPIQGQRIBERLIN
backsliding,QFKVEZJBUSLTWBFXUBAHKDJADOWABQOQJCAJNCDTPJVHZTWFHRXRACIIOCSTXBOLSRWMLPKBERLINPZYRURJRCHUPZAJRQRDC
gliding,IYQFYWMONDQWETZGWGYDSDAZCJDEDGOPHXRFYKLTQMYDMRLNAOVVFGCDZRLKKTYNBZUDAJNBERLINXIVLFZMXAMXVGPPJVSOO
sliding,VYQFYWMFNDQWETSGWGYDSLAZCJDELGOPHXRNYKLTQMCDMRLNAFVVFGCDSRLKKTYKBZUDAJKBERLINOIVLFZMOAMXVGPDJVSOO
ramjet,RFOKAFQGMCAYTDDJRNTJYAPFMXZYGKCBERLINBZOYRYHJUEDNECIFXLMQYCKIJGMHDMFCGEWZTYFVAUSCEUUELOQKYPPJUUMW
locale,EHHCUPKXRMRUBDIBUFHMOHNHYKBERLINQDEBWBTWVQFJNYRFPGMXKIWPPEPNNJMDBPYHFQRZCSEUDXRLMQIHILDFQUGONYEQA
fuddled,JXQFKLZWGKBERLINJSFNDEKFBKQWDQKRNJLIGXOEYUXSWGNMBLSLQUSWHJBRZFYYPJWLHTDYWEYZEMZDLDYUZIRIMSQQQEUGR
sight,VTIDYRSPRAKTMPPBERLINQIIIZAGXLTVUIFKOYBZUAJPCLUHSHKXXOHIYLQGDBWYCZTYMETZGWUTSIBOKXAXBMGOENXLKCJPC
moneyless,DFKABGDBKGOWQGAWXOGFWMTCBWAYEZZABFHWYBQFPYMCXZCOCHSVCDKHIGDWOIUMFCBESXBOBTWNWBERLINJRQYRWHFZESVIG
motorless,DFIGCGDBKGOFKHAWXOGFFXOCBWAYEHOBBFHWYBCMTYMCXZCQIISVCDKHTNEWOIUMFXHFSXBOBTFZXBERLINOAUYRWHFZKFWIG
mouthless,DFXHVGDBKGOURRAWXOGFUZMCBWAYEWSUBFHWYBMNLYMCXZCPJYSVCDKHGQXWOIUMFAIZSXBOBTUKEBERLINHBBYRWHFZCGDIG
worriless,OFMVUGDBKGOITKAYXOBFIALCBWAYELCQBLHWWBFRJYMCXZCWNRSRCDUHAYWWOIUMFRMXSPBOPTIBDBERLINBEAYSWHAZPUCIG
worthless,OFMNVGDBKGOIRRAYXOBFITMCBWAYELSUBLHWWBFXLYMCXZCWJYSRCDUHAZXWOIUMFRIZSPBOPTIOEBERLINBBBYSWHAZPMDIG
alarics,UKBNVELMNJCUIIWQOQBMAQZHMHKJDLONHSHJVFMETWHBQHCDHCYYILEXOZOAQMRSBODBERLINBWWQBAEKDIWXEMHVUJADBAFI
droopingly,MJDIBOTFNUKCNJRVNBSZPKEJJHJCKSYNXDLBQSYXPYJQXKOSPHCBERLINPUSZKYBVWMDPOHOUTCLAYAJLXNXYGSYQYFGVDOFO
gunlock,IVVSYLWEITNBERLINTMUCQURYXKZKNNYXSQGHSYQTPBATTNCQPXNUAEPZUNQKXAZTNQUAGEDAMAKVBPXDQISHGSWSUVTYYLUI
fathomless,JVOVRQMUVASOGRESCYLRBKVVYCHNDFXHERENLQPZRBERLINISKITOFRZCWSBTKGHBMJQGEDKBUPYTJBLITHOUYQEWHMCJUIVU
nidificate,CHZDYXKHXKWEVDRGVQRMGUKQUUKNMLMTTYCTEMZNJGAAHBERLINFSLSJIXFFEGGREWEJBMVFJSQVQRSPKXQTRLZZKZERDCJKP
lythrum,EROEAPKDDUXGBWFYTMPFJFFMLLFTTGBWVBBVNGZZLRKUTAAYMCVBERLINHLHEEFREJOXMXUPNBUPCSMPHYAFQDAXDUXYVIIYO
oxen,WOXSGYPCPZBUXXLNNFQDBERLINTKNJEOXPDBGIADSFMBIKERBSHSNJOAATUQECGWMHCBQDEHAKCIUZCHWINAADXKSMFZREVEL
lissom,EHRECKVGYISMTSVSLDDSSPAJUXRFNVPRNGICRVTNXLFFFDGQUINLEMLDSVZGUDLDMMUBERLINRDQQOPJHPLAUNROYJOPKRQBW
haematuria,HVFMZWMWATYASZQYGQJVSHLOTCBZACBTLPLCZXYBGCDAGNZULEFXBBERLINTQXSXJVDHEKTHIPGMKUZDZSNILQRCMWJCWLGZU
densify,MVKNUMODVIFRIYDOOUGJMRZSOTLJEYLNDMMNUKBERLINANNYILJVGKXAHEXPRZZASCZTFDFKPMWKLOBZUKJSQRJTNPYDNOMLX
rouleaux,RYQRUOQPCBILBSRIESYBWFGZMHHPRNCXYKZTWTJTFHKSEKUWNRXJKLLBERLINFTLXWJTTMUDZQLGDKUVKDPDIGVNDIRUEKOOW
tuscans,XFCCCNCJPFRAHIMLJQJKUWNQYTVTHGMUHDXINNMJFZSKYJAWFDKZYHLRDRBRNDLKEFDVKPJXHSRXNNPAFTWUKPXRTRJBERLIN
tuscany,XFCCCNGJPFRAHNMLJQJKZWNQYTVBHGMUHDYINNMJFPSKYJAWJDKZYHLODRBRNDUKEFDVKAJXHSRXWNPAFTWZKPXRTRQBERLIN
encaustic,LHSBERLINLGDXDHREOQHPNAWITKSNFPTIJRWCDKGSJZJLPLMGEGKVDAJUHGEFVHVQVFBGYUOISPQKVMBDNRPOLCODHNRLAZPQ
stricklands,VPHUOFWCRLFDNHCIOSBYDOKSHFRHLZLIICQDXSRYSKECXPHUUQDBVJBERLINJQJCETSEDJGERYWDQOYDFSXYRRSKITPOLCEAX
salsify,VKXIKJUHKLFREXNAWUGJMOZTDYAJISNNSHWUIYBERLINHLCYIUQXCVPOBIKPRZUAICITFDJTRHYXACFRUKFYPPBTNPYHNPWIH
razzed,RKJXOYFUGTSYHHPLNXYBGDOSLBYNGBRIYHCLUFLYFZYXRWCVEWTSEYRMGARRGFXLJBLMFBERLINUHGWSRFOIEOJMXMUEEJQMA
slouchy,VJSZCYJANBERLINBAJDGMLQTXDLQMGYGQLHLPDNOZLEBPJDNMKXTYNRJSIPGACKUBWFHGRGPUTZMOOYRSSSRSAIBYSJBLSBSD
bookbinding,QYSCSFQMWSJYZJYBERLINVBAZGBPOBCIFQIVVAGSYQDMHPGUTIDLNLTLARBIWIGRBRVMUAHVUXRJFINTFRJSYWMJZFLMYVXJB
cannonry,NKMJRSQYIIGMKFIWLZFHPRRNDFFMAQCWBAWOIDTFMADFLICLEZVOSMLALBIJEMMZTJKDDACTLMIYJRUUSLREANDRJBERLINZI
trumbulls,XSJLBCWZKNOMHUCESRPWGGMLRREXESJLRKAATZWEADWDTFCWHDOWSDYLIHOOUTGEZOPALVAVDMESXPOSCQPHGJXGBERLINCAC
guerilla,IFKTZDVWWMUQFEPCZJBERLINSXQSOXEMJDOARCMXKXSCIOWLAETNTVNYZEWMWLSEFAVABWWTGTWJHOWJHQCGNMXGXZAXIOAZE
trumbulls,XSJGXSOESUXAFVAZCDIPKLBLCHDWWWSVVEFUMHPZTWFHJKCKPVBDGVGALHKXGLKFKNBAOZOODPGLKYAMYWTGQTJBBERLINOWS
annulated,UHYHNQSCBRZWBWGCJLSCRJUYAOVEGQIBQDCJYKSOVFWPJIMUADQEDIPGBREYFKNQXSGYYBERLINHOBKALBEZCMOSBOWRGGAVC
pennines,ZVYJRNCQCRZWHUIMBVHGOMRPHJWOEXZNXPAMTSBXDBBULHDHNQBVSSOEBLPQRMMUQZZSHWEOUWZRLYGJXTEZUREDDBERLINBQ
fannings,JKYJPBMHURZWHUIADQCCOMZPACBZSQWNIACAIKRQRFBUNPNBOQBVSSOKDIXJRMJUGMDKCNCOFRRJYVSFIBEZWJQTVBERLINWV
mannings,DKYJPBMHIRZWHUIATQCCOMZPRCBZSQWNCACAIKRQUFBUNPNBZQBVSSOKTIXJRMJUAMDKCNCOSRRJYVSFCBEZWJQTJBERLINWJ
semitransparent,VVPCVGEWYMEIMDSQXOHENTNMXVGPPVTHCHSFDVCDSMJDFPBMPDKBYBWFBAZMDKERPECVNVIDGTXJNNORKBERLINUJXXCHBDIH
capillary,NKMBNAXRDKDPFVECCSHQRQZOEBERLINOTMEZGMGSMDVTTGAIIGFTUTODCLRQRTGAQUPYSMUCIICLKSLMXVUHWUTDYFOEASHOG
secluded,VVFSOGYQKDPIDUIPHNHJUCWSGBSBERLINYGYZNTMIRFHCWOTHUJUDZZZYPOGURMORDYFYIOLQHCMQBPGLFLBLYDAGYGPCWIFM
ascend,URFQGESVPXSMLINOLSFMPXWFNZRAOBRXBERLINISGZVZWNLOOXQKEMTNPUZCWVHOBHNCEVPRLXZMSGLGZJSIOSFHSRIFRDQBD
showroom,VHDCDUJAOLYITQVEQIKOEFYTGKGWFCORVTEXNNTNKRXPBFSYHFUODPGFXXBGIRRMBDHKZZOEQSAUZJLKVNJBERLINXZMZKQDM
amortize,UDNLPCNJMEWRWHKTZSVRICAWKUFVUUKBNDFMKKHMPKMLKOVKOVDBNVQJQBFDRFJNHBERLINUMQANLTWAUIJYOQGZHHULRCRBG
hutchinson,HAQCNEHQUSBERLINBRFDVYHAOZZHBUBKIBMTRMGTHQEMDVABIBHFBPJJCFNEYEYRKCFNFDFSVEAIPIPKPSSJXMOSUWYUQYVAO
carouse,NSLEZUSOPMBERLINEFOLEZPCHTSALBOTBOFDIZBQAHIHCLWYCPITQMBBPOHZWYJNMACXWPCHZKQVXGESVKUHOYMZJQHRPUWUM
cavillers,NSVUIOXXPYNGYKOLBYVSNSERVGDLZIAQSSXQEYJKDQSZRHWULRTJNACBERLINOXAKZJXTMMYLXNATKZLQTASCAKUAEUNAQPAR
cavillers,NSVUIOXOVYNGYKOLIUVSNSERVQPLZIAQSSOGEYJKDQSSQHWULRTJKKCBERLINFLAKZJXTMZULXNATKZXGTASCAKUHTUNAQPAR
tensely,XYWBBERLINFEALZPRVDIMGVUHSBLDSLZEYRWLRRNVWMBJLNXBRJYDNYOJFLAOKVYIAUCKHMSKADNGFRPUDBUCZFOJYYVJQRNI
ozocerite,WHCSACWIZHDKVKMJBSLWIBQHTUWFZNMPYVIAIDPEYXOJWKHBERLINETZAPKYRGEYKPRAKBCIUSSMVTXBJJXNPAGQAIJDPVFQC
electrocution,LVXPBICEIIIWSSTUPGJHOYPRHSMWAUZHXYNEZDLDVHSGRSSNJWBBSEKJBERLINCPSWHTFZHVLDYCVMTVJFHQRIUSVUWUEKJMW
impendency,GUSDULBERLINXLASRXBKRJCIKIMTEGNAKKUHOASPXAFIEFCOEDXMJYWZRNWAWJKASXQOHFONWQGWMPEUFPINIZDRYXRWREEVG
malose,DSBAEGGCGSQORUANQMGSOMACEXQUKASIBBDDYYYFSYUDEMXGJVSMOWKBWGGWBJBERLINSQTMBXONKBHYTBBXBYYWNRFNNSZIJ
cure,NEQPRLBERLINHMIWPIYDPXRADWHOAOWSQCZSPJTFTWKBLFCOEDXMSPOJPDLLZXMZJSJSDTCMLPLIJFCTMNPFUZDRYXRWLFNGI
heresy,HUUYDJZRWQFGJAZNXLOHNZAEPVBZSBVGRAQIXKTFAJHAOYBTQGKPJRYFPPYTYZPQLHWKHXJBERLINOVTKPZQVIHLNDJBSRXMY
touchily,XRDLMCTRHBERLINHVKDWHVEMIGTNXWNVAKUHSGBPWBBUYDNJJKHSWURSJRGZYUVJCLXNUYNPVNAPATOQODZQXVHMUCCDYDPXQ
