elastomer,SDBPDVLDEXXUVHNHFTNYSOBJIPOEZQKMFTNXSXAFOTVHSKXLFWDMRCZRRWTKKVRNOBCIANDVBBERLINSMGEZQZQXWOJJWCGUO
plastomer,HDBPDVLDESXUVHNHFTRYSOBJIPONZQKMFTNXHXAFOTVHSBXLFWDMRCARRWTKKVRROBCIANDVJBERLINSMUEZQZQXWOXJWCGUO
popliteal,HVFMZWMWATYASZQYGQJVSHLOTCBZACBTLPLCZXYBGCDAGNZULEFXBBERLINTQXSXJVDHEKTHIPGMKUZDZSNILQRCMWJCWLGZU
neurotic,XJHIYQMESVCOIUZWBQVVTREAIYBLBBASZHNMTNHFCYQQMINOJIMTASIJBIEPKRYZUEDMEANMVBERLINTWXWXVYQRAPUCMIPGQ
neurotically,XJHIYQMEMJGTRHNOVRYHYHCHIYBLBBASEBWLJFBQWCKFJYLFJIMTASIJQCIYFQVACMJDCQLZVBERLINTCMRWBUHCUDRRJYRQQ
diathermancy,AFYNVNFZZTBTWSDSDWVIOORBBQFHZRUTHFEHSXCLRXLAGPOVYTJUBUNAQAWCXVJRARLRVHYPYAOBERLINFZWLLYGICUIWJVQJ
thermanesthesia,GGXVMWQSKNPURSDSDWVIOOZTHUBFXOMBDTYCWYDLRXFDGMKGERJSEKJEJQLTTWFTPOZBWPWQSAOBERLINFWNWMXEHGMNNBGIA
joachim,RVLUKIVRROIVMTROSSGMUBOMJZTRWATQEJPKEUHEKMYQYQTCUPMAQVOBEUHCXVSIJQJCHJUKQQYWBVGIXUNBERLINOOLZLPFE
nyctitropic,XUDSYGBCBERLINGGQCIQRFQEXZPEIANACXFNOTCHAPYSJDOHLZIVSKXSSAIFKQRYYGFXAZNSHDGAWNBXXGQYNSWWTLDSIOTHC
astrologic,DLGKYPDMDQOEJQLKVHDZYUTKPMSJXZWQHQLGTSVWUPNOMXEFQGHDBOANVCZSXUUMCRBLRXCSEHCVLYRICZVCVEFBERLINHUJB
commentate,BMNJOLHOXWSXOZRNJZEFBREXVBERLINIBKCVKMUIHTBBFVSZHRIMWNTPKEKZIRWJETTFEHEFOIRHKODXYSVFECJBVZCWHGMUF
adulthood,DGHKSJOIFWKUPLKYZRGGEEYFPTNFSWBERLINYCBOROGJDCTPMMZRDSKIPSBKKVAYAALIZPCRBOEFUESBPZHHDXUSXDFKZZQMB
corrida,BMBERLINWZCECQMDEKOGZHAVNYZBAWWQGQUDTMYYRCUXZEZXRNUGVLWMIGLDYZJVFESDJCGVHHLHXGMQMGHFLPUMVKFRIDPHI
invitatory,YTGQYOJFAUREDPJNNMHYQHTAOEYGCZCHSPVSHFLJJDMYHIAIOKYUJLKEVCMZZYALVBABERLINSYRNNDEXOXYAMLZBSJHTQGET
invocatory,YTGTWOJFAUREDGENNMHYQHTLKEYGCZCHSGLSHFLJJDMFCIAIOKYUJRUEVCMZZYARLBABERLINJWRNNDEXOXFYMLZBSJHTTBET
excuser,SZZLCJBERLINBZJTWPHFTFGHFOUHOPIZVSUOEDAEZISZHLBVAJYMVWVXFQBJXMNQNYFMIYOKSQZGPEFSUVGLICGEZVMZUYBWR
grayfish,TVKIQCBIQZPVFYMNKOGUMGVSZLAGTEWWFUVVWTUBHFIYNWBMKLJTFVRECVRSWUVLTCOGENLMYHWRCTCBERLINCGWZHFBSRHFT
chippings,BOBUACZHSDIHJKGGUKUNGLKWKTPGAKCYZZPUEOXWCTMRLYBACWCNFJQBERLINNXCNVOFFVRZHBAIIWLBUVHIBCJDGKUTEJKHA
childhood,BIQKKJOUFUVRPLKYZREILEVFPDNDYPBERLINKEHOUOGVDAKCMMZRDSXLCSYKKYAKPGLIZPCRSALFIESHPWDQDXUSXDDYOZHMB
frivolously,OYNJWZCVYOTFMAUASMQGVVKBMOKYBNIQEOQRVAHBSTRZADLHBYQPOATHKGCUCMPZSCUDKFSJSJXAXKNLNMPUSYLTCOBERLINS
spaniard,EKRPWGTLSVODHAZXXJWHNVYFXFTZNBERLINNPHBPSJDTBHSDBNTNDUEFTFEGNFPBALRSWSILTNIOFONVNTLXVODYQGBWGBINQ
snaky,EDRVSHFCHOECVGISTKUUXTEQJZVPGFIYFUDCOJJIOBERLINATJZJIYHEBUOBKBBTRJZBZWOHTUBVXTKIQBWLZYICRBBGONPFP
midland,ZHXOREADDXJOWLKRXMGCZIDFMFQJUXITABBERLINCOVFHBEPZCRRLOIZJIZMXHSVKMXQWYNMRTPNNOVBZTXUDWCRNVCXTEOZR
exergy,SOVISQBIQZPVFSEEDYCONKYJSTRHCXLKFKKQXRJQRCJJMEATRADDUAVAEUBTPVITDBKTDFQYTWNRUICBERLINGSICEBMAHQVE
determinant,AYJJOVAXEILMSKSULWKDYQFDMQYCXOKAGOMFLWYYSEZAUISWQRQLNCKXJBSHFSGXHNFTCODZBARPTYNHNKKNBERLINRVIYQZP
psychanalyze,HAQCNCFMLNBERLINBZDBMIHAOZZHBNSXEUMTRMGTHMCJSCABIBHFBRHHOZNEYEYRKADLBWFSVEAIPGRXZNSJXMOSUUKNJIVAO
psychologize,HAQCNEHQUSBERLINBRFDVYHAOZZHBUBKIBMTRMGTHQEMDVABIBHFBPJJCFNEYEYRKCFNFDFSVEAIPIPKPSSJXMOSUWYUQYVAO
elastomer,SICQDZYSEXXUVHXIPTVGYOBJIPOJKEKUWKNXSXAFDOGHCEQLFWDMRHKMRKIVKVRNOBHJXNGATBERLINENTEYOUQXWOJJYDTUB
plastomer,HICQDZYSESXUVHXIPTTGYOBJIPOXKEKUWKNXHXAFDOGHCNQLFWDMRHBMRKIVKVRROBHJXNGAFBERLINENFEYOUQXWOXJYDTUB
dodgem,AREZKZFUHLVWNFEJYICNZWRQYRBERLINLTDXEQUCLKLFLZFYXMSRDDRLPIWGUONLAWDQOUKMHSPFWPKCSRNPUQHPHNCHVXHRI
display,ALLOZUBJJNEFZRYWSUFNSUHNJDBXPZZBBERLINHRTDADLUOZJQROIEAQPIXAZLRRXJOEQWDQCMXLRYBIBQZQKJOECFYMLLMEF
autograph,DEJMWPSNUYBXTBJBSQJFBXKUWYAEMGYCQXLAFTXFTBERLINQAEZTOHITWKTDRBCPPQZYTKBVJRBAFJHJXQIUVXNDKSILPJTLU
