fundis,RSXHZDNSYWWBIVNPBZGDWGCLMMMJOXBRUIAUTQBMCAEBERLINOYPTVJETJZSKYVOUJRSTNLYZXUKHOQZNZERVPHAABFWERRWW
thereabout,CGXNFLFEGLZVSXVPPMBERLINGSBCRVLOTXVJEDQCQZTXYFGOWDBUXCFVPGWMWLSENIDDTUPLRMHZXSZRBUAYSZHRHXEKCMKNI
smoothen,ACTABFFWFTXOGPENBOBERLINAWHCYGDKCZLQMRHUMUDFXAGLVWATOHRFBKWMWLSEGSJDOFVFSNCPOWNGSLGJYQHGGEDCJWICQ
crate,TKROPOMEQWBXQDYRWKLBBAMJNNFOMUINUDGPTJZJQTNXBDSKFOJYTASCABRWNSHKEJPJBICQLCWXORHUPBERLINDMPSYWONEE
encumbrancer,YBXVVSJVYXLSJVIQOWHLWFZXNQMXYQOLUJRNOQTCSOFIEKAVQAYERMGRTLNTRYMVMHYGTMACKKUBERLINKOZWPDXTSGTEKLTX
incumbrances,XBXVVSJVYXLRFVIQOWHLWFZNIQMXYQOLUJRHRQTCSOFIEKALJAYERMGRTLNZWYMVMHYGTMATVKUBERLINKOQNPDXTSGTEKLZQ
belladonna,OJJUETBQGHXPKTSKLTFDTCNLKAXZJOFKFXGYEMFVLXWBERLINBIFQWWIMAENBDSDHKYBQKZQNQGFQIZXAYRBJVYGMWHMGJGQO
narcitic,QQXBERLINWZBRUIXROIMAXAMESMDLISDFICUJNTGYGGJUFIJFNYWJGHQUJRSFRMKHVPHHTIPMFUQKVMBDZGRBYDYKHHOUFZXJ
attalea,SWUQNJDJQNZVUALFEQGJBJVBERLINIXIBGCSTVEWXFZLPFKZZEVDRNCPWZFKGDFBVABFNKHRLTIGZLPGVZGZRRAWBSXVKUYOF
yob,EVLZERTNTFEGHQVIOBHVHDAWYBERLINHWTUKPMETSJFQYXIUPUUHJGRXSOGEZKZLMZYMUJIBCHHEKVOFUHZSURLNTLGCYXZPA
unenlivened,MBHAZWDGNYSPWHEZUWOBERLINQYGKIYBUDAKFSTCKBPIISCGHEATYGNBUUZOFCVZFKCTMXPTIBPRUFHSDXIUFGHDHCTUNDBPJ
unexplained,MBHYGUZCNYSPWHSGNFRBERLINIJEIEYBUDAKAQYXVBPIISCBYCVKYGNBUUQNDXMZFKCTMNLYTTPRUFHSOFGDBGHDHCTJABWZJ
answerers,SBHJUNUWRNGKNHXMZUCBERLINFBBNYXBZAIGXTBUJBPXZOLBBIWLDKVDPVWPJTVXQFAFWNCUTKEYDHVJMURNKUNVXTBUZICUX
squally,AAZJNGOHGGVNEKHVPQEEPZLYTYFJINKFCEMWFXACAEQBOMLWIUMHGVNAMYVYDHKCWAXYADREYIUULCZWOMFTXMHPLXGBERLIN
unification,MBGMUOKCLEOEXKRUBBNYRRIDDWHPYBKXYQUWTLHHUHCSMDZVLSJHHREXTEGPZHGFJFTKXIMVXZWLKGZEUJCFNLWOBERLINOMU
totty,CVWXTBTCYGMWEGESECIGTISXURVDODDVGCHBERLINKDUDWOYTGNFWXKLMVQHKHIWNKMEARPKKWSJJTHWRVFLUYVMUKHXKWBHP
diversion,PBWWDHBERLINOQMCKBWTBHZNITQKYFRDATCCUTLYOPJFZPNRQULBEGDSKCOAFVBJPVDHOJPLRKQCZCCTMNPFFRGGZLVLVYLZQ
divulsion,PBWGQHBERLINUTMCKBWTBTCNITQKYFLQATCCUTLMIPJFZPNRDOLBEGDSKZIAFVBJPVKXOJPLRKQZCCCTMNPFYEGGZLVLVMRZQ
riband,FBERLINXQKCVRGOZICVGEGGDYQSMJXOMGNBYEBNHLSGSVKUCMKEYHVHLIIWFALVQXFYTJAHLUMTKGXGYPXDVVGEUDOYHMFWFQ
ptolemaic,DNTOKXFWFKKAASBLBMHZBSRJWQQUGZLVVHZJDEDVGLBFMBJRHEUTRNGGMOUMYBQWSGHHYVODBERLINGJPYHKHGPUARGFVQNVY
ptolemies,DNTOKXTRIKKAASBCFUHZBSRJIXWUGZLVVSPNDEDVGLKJUBJRHEUVOVGGMOUMQFWWSGHHYHCGBERLINOQSYHKHGPGETGFVQNVQ
ptolemaic,DNTOKXEFFKKAASASBMHZBSKOWQQUGZJEVHZJDECEGLBFMBIJHEUTRNFYMOUMYBNFSGHHYVTZBERLINFOPYHKHGYDARGFVQMEY
ptolemies,DNTOKXPJIKKAASAXFUHZBSKOIXWUGZJEVSPNDECEGLKJUBIJHEUVOVFYMOUMQFVFSGHHYHBYBERLINTCSYHKHGYYETGFVQMEQ
ptolemaic,DNTOKXMOQNSUFEXEINGNRJVQJQRBFWLOZKOEYIXDUGKSMODPRFWDKXKUNEYBGFIXGAKCWFZNBERLINNXEUQHNMNIHYFSITHKU
ptolemies,DNTOKXDCWNSUFEXPNVGNRJVQBXTBFWLOZMCHYIXDUGMDUODPRFWYTRKUNEYBOJMXGAKCWTPVBERLINEYHUQHNMNAMOFSITHKG
shawl,ACRZPDPARXTEJLCDFXQYMGMNGCOAWEMGHLPSTVBBNLKXYCNGZRLETUNFJBUWXLDAFFJFIVMCIFLBERLINRGSAMGPZNCYPHEDX
acrobacy,SDJITGDBKGOPNJEDGWIHSXZHDJGSTPWIHMCNWBYWKKKSWRRHCIMSWTQNZLGZSDNZSEHJESUTTYGRNBERLINVKWSHFSHRQFLQI
waterfowl,JFGCWEBAJZZTJBERLINFDQNASVWHOSUYFJAABBAHMKJBHEPFOCDKYQSHYIZUPHETSJTSDYRIHTDUFSCKARGWWISOJXMZXBEGE
epitasis,YJYVCJTIGMNUFLISUTCIWNDSYJKJIPCRBERLINVUUYXIFORMAUDYTMNFIUASPRCXXGIEHEOWGGNJJYUCMBERXMMYEPCJZEILR
homographs,ZHXOREADDXJOWLKRXMGCZIDFMFQJUXITABBERLINCOVFHBEPZCRRLOIZJIZMXHSVKMXQWYNMRTPNNOVBZTXUDWCRNVCXTEOZR
ideographs,XCOOREADDXIKTLKRXMGCXDLFMFQJUXHZHBBERLINBKPFHBEPZCKVXOIZJIZMWCGVKMXQWYMGBTPNNOVBXZOUDWCRNVBNEEOZR
lode,VHSZWATYAZQZXLPLHJLTVIMSHBLBMZNXBBERLINHSOTSDTBUVDOUMOMISGPGUHHJVHUFQPWFYTSCCPKPVTSISNSNJWGMOEBIL
skiagraphs,ANRPREADDXXDKIKRXMGCAQGDMFQJUXWCDSBERLINLDZDHBEPZCCSQPIZJIZMSNCQKMXQWYRWTYPNNOVBACRNDWCRNVLPACOZR
urine,MMQXZLORPNIWRXPFPTWBERLINDYTWIKDKPCJTKDEDKZXCUGLFAMOKOMKWBNESVYJSIPKQWNMVMUBXMHXMOCXFPBVDLQOOWGNB
cudchewer,TXDDVEVYWFGIDFFCUSAXQJERNRBERLINBLOWSXRMDQJBMYXAPDHRKWZWJMRNGVIUHSURGGPYIGXECWGAUVOUHDVEEOMMJBJTI
sottovoce,AHJHYQBKWGDUIUKXLJSXXYQJEYUBENTKTCAGBERLINSLBOHFOGWIFECGVWCOZMRBYNKDYTYFFZHHZFOCDVIUIPCDGUUANANIL
kinesodic,GTRAREPQZNKAUBERLINBBVJJUPNHSLHOJKEKLXZPUCGPGIHRLUBTNNIFBASHTYNYEMVMJQUMASCVGNWQIASYNEJJNUOHPCQHY
quayage,NXGQREUCKMGOBHNQJUUJZETMYXRGQLHVATHOIJKWEQSSLLKDQXPTEPJWPWDBZMOWIAHMTKGITCDUFZFIDQJQBERLINJVPFIXV
waynes,JFMYZSLSVITKMIECXKKBERLINYZKXXDGNQDSELFYFTLDPRPKJBGLCKONUZSPEFVBYLNFCIVLKGDRIYGEVFOQKLMVMVKVQRMJE
welfarism,JMRXZTXAJCNEVHFWRPVWUBOMJZYUXWNYJLHQUEFOCBZUEFZBKBXNPDXHSJBWISOTFTNBPMRIXXLRMAODUTXBERLINPZMISELF
ostracism,BWFIWOXXPTOYJBERLINLYQZLICMGTXRMOFIRRAOTLSAIYTBQTUEJPBOPNRSUGIOGTQEFTFBNSICRFKZLQSNUWISOJXMTJBLWQ
syncopator,ARNWIDFGGFWDRYZVPQBSZODWJZBERLINZYZCEFQTMGZYOOGAWOSCNGIIPIWGUORIVBDFTJROVVLMXBZVSCYSCMHPHNCHTVPFI
syndicator,ARNVOTFGGFWDRRIJPQBSZODVSNBERLINZRIPEFQTMGZRUZGAWOSCNFOCPIWGUORHFYDFTJROVUAFXBZVSCYOZFHPHNCHTUNSI
placer,DFKABGDBKGOWQGAWXOGFWMTCBWAYEZZABFHWYBQFPYMCXZCOCHSVCDKHIGDWOIUMFCBESXBOBTWNWBERLINJRQYRWHFZESVIG
tricone,CYSZDRYLQQANCDJSBXXVSWOYUDVZLAGACBIAJTKLOTWFJSCVQXXBERLINRPGBBFOCCBSOVDRVFGRNEGZPSESORKYLWLXTKIMJ
witloof,JHUTDBAAMTFAYHYDSQWWNDRLZWDJXXLTKUGIPZWUNPBERLINOTWABSDSGLGMVYUJAAKXNKDMXPFJNYTHUSPMFSLPPDPNUJFDL
soliloquy,AXBBWZVOTASBHHVJNYWVOGBLRUEVHWLBLQORGMYCQBERLINTRILLXHOGNLYPXCRSVYIBXQWCIJZWCPKYXPPEUIQLRHKFGDDWK
syllogistically,AROVXGOELQBVZDZWUJGIMMACISCXMFPDWDVPJNFPIBERLINQHWGGYBYGJEYZUOGHOEPDBXFLQTLNJTTOZVZMBZIJOHWOYTKSQ
sympathetically,ARTDVVSSLQBVZDZWUIRGRNYCISCXMFPDVXQFLHFPIBERLINNYUVHWBYGJEYZUOFYPQTOBXFLQTLNJPMPBWQMBZIJOHWORMXIU
symptomatically,ARTDZUYDLQBVZDZWUIRJKISCISCXMFPDVXWEGMFPIBERLINNYXUDRBYGJEYZUOFYSNKCBXFLQTLNJPMSANXMBZIJOHWORMRHL
placer,DFIGCGDBKGOFKHAWXOGFFXOCBWAYEHOBBFHWYBCMTYMCXZCQIISVCDKHTNEWOIUMFXHFSXBOBTFZXBERLINOAUYRWHFZKFWIG
bast,OSYQXMTCDIFXQEAMIYGXRGJOEXBERLINCNEBQOEGYZBAEJTIRBPQIUCMIOZBVZHWZTGEJWRGPJYPHRXYNQWMIEYHLBGZBRKHG
path,DSJZLNIZMFEITQVEQDXSNKBURMDRWATQETUYNMEKUMVTAHJNYOQHVOFTQOGGIKZGARFYKSJSBXGESHJMCHZBERLINNWNAHKRS
custard,TMJNCEKEEXEMFMMLJQJKPWTKHCHKTGKFNGKLXNWETPGOGRHQBOUZIKHBEBGSNWGPWLKYZTEXCECYQZCHVTIFUEDEIZNBERLIN
envoy,YGULYIMAJDRNUVJTTHQRUHBQYAMYOFIOMZQHGPYYGZRVMDNRKPDMGASWTCCBLHZFBJQPBERLINFWKZAQRUTKVWQWLLGWXJQQJ
restrengthen,FUNBEGGJBERLINXXOQWNMCWRPAGDLRYERPETTLGGSYULSWOZTQWWJZDUDTPIKZRKMEEIZIOFDGJQKBHCZGIDVKNYTPVSSWIAB
envoy,YGKBHPKVSQBQXVFRCHETBOJOIVZIQGHYNVJLFSEJKDOHAWTZTKYMLDRWMWGVPSDVXHIPBERLINLHFGICLOERZWJQVLTKEAYOP
