licence,XFTPLFVFBXWEHEWKJQYFREEJUQXOZQGGWJAKWEMELYYTLOIHVCYQTHUWBERLINSKWGXXDWLUTBLLHZNGPJGFGHKBOOCLEAAFY
licencee,XFTPLFVMSMZNTGPTBJFDNNIHIXXOWKEGZDCSNEMNCXDBAAWFJEBMVXNWBERLINSSUAKSKZWZVTRISAWEWQGFEQXBAZEWAAAQQ
licencor,XFTPLFYYSMZNTGCHBJFDNNUXIXXOWKLWZDCSNEXPCXDBAAPVJEBMVXZABERLINFJUAKSKZPCVTRISAPUWQGFEQTMAZEWAAGTQ
animalize,BBNRCUNZDZWCKMVQEBEBJFOLLHLHPEOFWCRKKTGSTDRKBERLINUNVGXDBAEOHSOTTUHJUUUBSKJGXJQMRREYAZLXDLDUTKWWV
maccaboy,WQUEULPVZKNYELTBTZCMQWNNHSIGROMLMMPIKINWOAAJBERLINZKKPKRRNUKVWADLJWHRPRTUFMWDFTIJYAUMXZFPBBOBEEZN
whinberries,MCDWHTFPGTZCNSGNNDVQVUNYBERLINBTZXMZNUXSZQQIIVZOTWGTDUJWJLNBMKSNMAHITKRJRHCFNYKDUWWXIBTHSBYLYTCJR
charles,SCGVIROOWLCQNEPJLCRFEZHRBFAAAZYDVBBNNFGEJUDRYCWBGCWVBXQNKIRUIDKQPJLXKZZVSHKXIXXKRCGXYDKASBERLINWP
charmes,SCGVHROOWLCNNEPJLCKFEZHRBEAAAZYDUBBNNFGDJUDRYCVBGCWVBWQNKIRUHDKQPJLWKZZVSHZXIXXKRBGXYDKAOBERLINVP
chartes,SCGVYROOWLCANEPJLCHFEZHRBZAAAZYDCBBNNFGXJUDRYCDBGCWVBEQNKIRUYDKQPJLEKZZVSHGXIXXKRVGXYDKANBERLINDP
fjord,PPEJTPNJYWNFNUHIDWWLUAYJOMIHJYEULUHYMICIHILUQXQDFJYEESTBDMFXLANBERLINRWAHISEOEHAYEQZXEUSPTOJVIMOV
hayward,RVLUKIVRROIVMTROSSGMUBOMJZTRWATQEJPKEUHEKMYQYQTCUPMAQVOBEUHCXVSIJQJCHJUKQQYWBVGIXUNBERLINOOLZLPFE
haemic,RVSYKMPBWGZYJMTQLVHWOTWCRAOTVOJFIDCOTHYBWTYQLRTFYDHITYPVHDZZZRJEBERLINQXSFSLHRSBFMJQERSVNBFXUZGMC
haemostatic,RVSYDUGBTJOWWHWAKRUKRGXETVEJAAKTLHLPKJAVOCRMHFBPEEUKIVBIMLVPATQZBERLINTRJFGQQVGTOOZZMTYOQDIGREXQN
dampish,OSYQJTTLJRFXFWISAHGXNATOPDBERLINROEJKLEGQEJUPYTINYLQAACMIOZBHEHOOJGEBCCRUYYPSUFYESWMIEYHCQGAHGKHO
dampish,OSYQUNSOEJHLVHOILOBVOFIPIQBERLINSQGTUSGSTYSTGNZGOAYMNLCMIOZBNKJNKOITMKZDONWRMKWKWJWMIEYHHCIUCYYAI
polypidom,FBPUPTZLHARTUGURSONHWPDWJTFOJXVEYGNBOPMHMZMFABERLINUOTFRCNOLYPRQFVZUENBOLHYVEKZXSCIAXRTAQANKZMYPO
