iguanodont,CGXNQNGEGLZVSXTOTMBERLINUBCCRVLOTXTMFDQCQZTXDHHOWDBUXCQXTGWMWLSERLEDTUPLRMVRZSZRBUAYHRIRHXEKCMBUJ
properness,UZYGWWRCWRDWMJGFELUQRKZLABLEGQZFQZCNWEUIKFWMJMXUSHQEDTPRPETYFKNCCCMSLBERLINRTBIALBVHNZKSWOWFGFEZT
properties,UZYGWWJOMRDWMJGFKGJQRKZLABSABQZFQZCNFAJIKFWMJMGLRHQEDTPRMAZYFKNCCCAYFBERLINRNTDALBVHNZIYMOWFGFEZN
nys,OXIAGHGMHLFPDPNGUUVYDEDQWAVZSCGJUFWGFLUCASBPZVOBERLINDVWLPYONYWZQFELOUJXOWECJCGMLIYPJKYLNEAEKSRJJ
oboli,NLFOOJRACMAKXHSWHQDDCZEKMVZLRUPLLKWFBJQFDYFVCHBERLINYGZVXWOJZEJUTICXPHRLLKZPRENJFRUDUABRTNUTWTNMT
oboli,NLFOOJRUPMAKXHSWYHDDCZEKMDNLRUPLLKESBJQFDYFDPHBERLINJAZVXWOJZZDUTICXPHIELKZPRENTSRUDUABRMGUTWTNMT
malaceous,SMKZEGDBKGOOKJEDGWASOXZHDJOJNUWIHMRPTJQWKKMJTRCSCIDJTTQRLLOCGDNZHPSKMSUTTDWEKBERLINXAWSHFSSNNFLQI
seen,MHTORGVOHVRGZAGAYBJSSXMRZYJPFWZNNTGMDDXDVYTSFBOUHBFSGGPBXNXIVQTNGABWLJAKJSRLJBWXOXISSHBERLINQFDAT
been,JHTOZGVAFVRGWAGAYBJSTXMRWTJPDWZNLTIMBDXDQYTBDBOUFBFSGGPBVNXIQVTNEABWIJCKHSRLHBWKPXISTHBERLINMFDAY
penuriously,UHAUNXFLKZYPJTDOZISCZFWOVJNPUSKJWOPKUQOJQVBERLINICZDNBFHWJEPWXGYDCFKTZAFLVLEAOAFYLPQGXCBDMAAPGGRH
gambit,EMTXZDVMDZWCKMVQQWHMRCUSQALHPEOFWCDIPHXPQZTNBERLINUNOYRQNTRQLZOTTUHJUUTWCDRDHOWERREYAZLXNSGOIWGFZ
bastardised,JLDBSGPCWNVRDIQKTGEERUZDRBVLDQWKHAGLCGTHDPHFNTETOZDLOXQLRLCNDEBSACZIAPERCVCEIEBBERLINWOVXWJDQIDDT
triduum,QWVXHUGFBTNIPZBTECXCDJCYWSGVTPQUNTPEPPUMSXAGISIENHDFFRBERLINCXRESVOZQACVURXWKIHQRCZZVBJNFJKXXVSWY
emergency,GSWEAGHMCVNHMMGAYBJSQVPCFAJEZJWFHVMKOYLJYYVNABWVANFSGGPBFLCWCZTRKKSJFBFBEXQWVBIEKXAAZZBERLINBDUIL
bali,JLHUSQVSXWCENUPMKUVYBRIYAPBWFBERLINXBNMARPQKVIWKBJMDESNEKJECTRSQGFDXIAWGHCEAUIWZIZWTKYXVZTUIVIABF
scotcher,MIKSOGYQKUUVMHCSYNBGAQUJCRQBERLINGOCAFXUPRSEUBPHDHTUDZZZYHWQPQFBIDVCHKPRJAWMQBPGLWCIZUTDRYAKUBGVH
scutcher,MIDSOGYQKUOVMHCSYNMGAQUJCRTBERLINGICAFXUPRJEUBPHDHHUDZZZYHAQPQFBIDSCHKPRJAAMQBPGLWNIZUTDRYLKUBGVH
sketcher,MXQSOGYQKTIVMHCSYYYGAQUJCDHBERLINVZCAFXUPDKEUBPHDWXUDZZZYWLQPQFBINJCHKPRJJLMQBPGLSPIZUTDRERKUBGVH
snatcher,MOXSOGYQKENVMHCSYCSGAQUJCLMBERLINPPCAFXUPLTEUBPHDTYUDZZZYTUQPQFBIKQCHKPRJWUMQBPGLGAIZUTDRMOKUBGVH
stitcher,MQJSOGYQKKEVMHCSYXXGAQUJCSDBERLINMUCAFXUPSVEUBPHDNQUDZZZYNGQPQFBIIFCHKPRJFGMQBPGLYZIZUTDRAWKUBGVH
helder,DGHKSJOIFWKUPLKYZRGGEEYFPTNFSWBERLINYCBOROGJDCTPMMZRDSKIPSBKKVAYAALIZPCRBOEFUESBPZHHDXUSXDFKZZQMB
parasital,UIGCHORQIZYOKIWCRCNJUQMBERLINAGJDJFYNFKUPNJHNFZQCIPRMIZZAHOIHQXFHJPGHPZLNADUPKYGSRJXAVMGKMMPCBDHJ
jolly,BLWUFVDPJONKYBDMZIDQUMNLENCOXOBHVSMBERLINVSTPPBVLXUYXQFBXRZQQVEUHRYSQAXROWCBXJZEBTSAXJYUFGDTBQKXG
hircine,DSMKUBYDESQLEDDIAEBERLINUQWASLOZSCCCUVNSNXETPZZYRFYBZLXHQOIHNIFXKUUTAVTDUZWJHOWJPJFHQEMQHXEKCMBAT
bodyless,JJIMRSEMMBTFPHMXSKUMZQXQAFVQPUSGUGHUNMAWQBILNBJOBUAGYPRWKIFSZGUSAWOZZKFNQHDWFBSLIBERLINBPYJFAHVXO
envelopment,GKECIAHXCHYGBURNUJCBERLINQDLCBUMCHWIOXVVCJSGAKHUZGBLKODDPTWOAQWRQSTVIKNHNNNGLVZGKMIHJGHDHCTURHLVC
environment,GKEOOAXXCHYGBUWCUKCBERLINJKLNBUMCHWIRHVSCJSGAKHLIGMLKODDPTNUATWRQSTVIVCHPNNGLVZGVBIXJGHDHCTLLHRVC
tininess,QYVHURBXQMUETWMMRVKFWDKWEFLGNRKPLNOVQMZNOHYNEVCMTETDVBBERLINNDLILUNHVKFIHGWOAHTENDOWICDHUZAIALVBG
gunfire,EVJTNJYZJHMEVBTEPXFJUHCQZFLEWACRPQRIUQLSYUBMJANARAUFUKGBERLINMUZJNZYIVNIPWLRFZNFJQLBLONXSMILZVDTI
showroom,MPTZLNIZMLCPJVWMODHYIJUTGZEMEORLCGWKMEKOPIDTAHJNYDMYBAGEOOPCEJFVNBGNHTGPSAICOAOWLEGBERLINXUANJRBL
decentpalized,HSKEZQLDQMOINNGTJLWHZJZUAVBERLINVUKGLYNLYTLZOJRLPOFYYTOBOXLRXCARRYSMFUAAIMLCVCEZNXZIAPYYRBJQCFUAN
decentralized,HSKEZQNDQMOINNGTJLWJZJZUAVBERLINXUKGLYNLYTLZOMRLPOFYYTOBOXNRXCARRYSMFUACIMLCVCEZNXZICPYYRBJQCFUAN
indecent,CXZECGRGVHQIQMOCFLLSWVUJPGBERLINDCALAYDWXQMAKBITPEGRPTUICCDWSGGBVNAJHPMSAJVWXBYSGJBBRZKGEKJNEDGVB
erato,GJHTPHBHXYNEBIQLTQWFAMWLYZBISCCFNGJBISEBMGDMUBAGKIGKCYCBCASTNRJBSGYDQXTKIOGCVGSCBBERLINZKOIPZPLJE
testudinate,QOGXIEYQZEZPJBQWQGBCFYYSCXMQRJZTHPCHFLPMFPUPKJBEUOBXBPPHWYBDYOBGGBERLINMAICDHFAKNVHEIHIEZKQZCLCTG
psychasthenia,UDNLPCNJMEWRWHKTZSVRICAWKUFVUUKBNDFMKKHMPKMLKOVKOVDBNVQJQBFDRFJNHBERLINUMQANLTWAUIJYOQGZHHULRCRBG
aphorize,LFONSIQDLOMOKXZPQBINALPCBXZUFPCODWYMIVHMUJGLUOEACECBERLINXQPETYOAZPIHWEQITYOUDUPBASXAOQANLHSUOUIG
arborize,LHENSIQDLAXOKXZPQDUNALPCBKOUFPCODZBMIVHMUMNLUOEACGIBERLINKKPETYOARCIHWEQISBOUDUPBCFXAOQANNQSUOUIG
arbitrament,LHALJIXSCDVCMOCQPDIBERLINTRCGBLFRDEIIIXXCJSCNTJUKZTGQWYDASWJLJWRJHQYADHMEGEOGFOOQENDJCVVSOSZHHAHR
arbitrement,LHALJIQSCDVCMOCQPSIBERLINTRCCBLFRDEIIIXQCJSCNTJUKZKGQWYDASWJLFWRJHQYADHMAGEOGFOOQENSJCVVSOSZHHPHR
arborescent,LHARNOZICDVCMONWNEXBERLINHTZHLLFRDEIZMHZMJSCNTJOPIOVQWYDASANALSRJHQYAQLBFVEOGFOOTHCEZCVVSOSCLTBWR
appropiateness,LFBBCEKPMMUGGBLWPJFQRFXXVMOYPOPSFECSDXDDPUDERBERLINFMHBGZCPPAJTQLRQXAREJEAENFXTYTFHFRNHZMAEUMWCOF
jambon,BBNRCUNZDZWCKMVQEBEBJFOLLHLHPEOFWCRKKTGSTDRKBERLINUNVGXDBAEOHSOTTUHJUUUBSKJGXJQMRREYAZLXDLDUTKWWV
mashie,SBHJUNUWRNGKNHXMZUCBERLINFBBNYXBZAIGXTBUJBPXZOLBBIWLDKVDPVWPJTVXQFAFWNCUTKEYDHVJMURNKUNVXTBUZICUX
schubert,MSBZFCLQHRKUIIWQOVNYCQWNCDUYFIBIZFEYVIFRZOEMZBWDELWLEOCKYOOGDJRBPJRBERLINDBAVBOJLSDCKCUDARGNDERYD
frow,FHLJBZJPCBILBJQYVMZWDSCZMHHPRPYEGFVNDXFTFHKSEDHDTGUOGEGBERLINVWTCCGNLFLDZQLGDDHCEVKZYAMNDIRUEDXMB
frow,FHLJBZJPCBILBKOHVMZWDSCZMHHPRGGWGFVNDXFTFHKSEQZVTGUOGEGBERLINSBJCCGNLFLDZQLGDQZUEVKZYAMNDIRUEQCTB
bloodlessly,JXNTSGYMHURTJJNHVCWRUPJBZDCRCQOLZWPMZMEJCPBERLINYCKBYUMLLCJGWKLSMZVBXYBYJYFUWEILARLHYHARRPLCBASVQ
anaphrodisia,LFONSIQDLOMOKXZPQBINALPCBXZUFPCODWYMIVHMUJGLUOEACECBERLINXQPETYOAZPIHWEQITYOUDUPBASXAOQANLHSUOUIG
aphrodisia,LYXUISDHLTKCNJRVNPOVIQTIDALMEWAFEYFIACSHYHTKOREBRWCBERLINXQPEQUAJJNNHVNXBVTXQOESJDATCHFTMEFGVDOFO
aphrodites,LYXUISDJUOKCNJRVNOCWIQTIDALQIXAFEYFIAEDIYHTKOREDOXCBERLINKXTEQUAJJNUMWNXBVTXQAIAJDATCHFSVFFGVDOFO
ebcdic,GWHSOGYQKIRIJUNVZQFWDGWZTCBBERLINAEYONBEKYDUXROWOVMUDZZZYBPGRRVXFEKNLNODEIEMQBPGLLIBWYHKXPEDXRIOC
animalcule,LFBBCEKPMMUGGBLWPJFQRFXXVMOYPOPSFECSDXDDPUDERBERLINFMHBGZCPPAJTQLRQXAREJEAENFXTYTFHFRNHZMAEUMWCOF
chatter,ILGFKGQBHRYSJYJMLRRCEWHGEGPLRXPBLIIHYQDLHFQTNJSAIUDXOSAUUGRTBXRZWIIFBERLINGLMDBPISCYZVGSNPPXFGJVC
willemite,RZHULSPQBVLADISBJFMFKHFHMWYKOBRKUDUFSQHVXVDBOHLRKIMSAGLILVLBERLINLJKOWHAEVGINRJZTKGGLBGLLPTZKHCVO
aneurin,LHALJIXSCDVCMOCQPDIBERLINTRCGBLFRDEIIIXXCJSCNTJUKZTGQWYDASWJLJWRJHQYADHMEGEOGFOOQENDJCVVSOSZHHAHR
anaphrodisia,LHENSIQDLAXOKXZPQDUNALPCBKOUFPCODZBMIVHMUMNLUOEACGIBERLINKKPETYOARCIHWEQISBOUDUPBCFXAOQANNQSUOUIG
aphrodisia,LTTUISDHLSSCNJRVNOEVIQTIDCWMEWAFETMIACSHYJDKOREBRZIBERLINKKPEQUAJMZNHVNXBXDXQOESJFGTCHFTMGMGVDOFO
aphrodites,LTTUISDJUASCNJRVNAIWIQTIDCWQIXAFETMIAEDIYJDKOREDOKIBERLINYTTEQUAJMZUMWNXBXDXQAIAJFGTCHFSVHMGVDOFO
chassis,INTHBIPIMSKTFZAVROGFDYHGCGJJETLGNJDHYVZNQGBEWNTPDWRYGDLWZMRYSVGPAURLBERLINYLWJVDLCOWZXTBROFOJMHQO
ancestresses,LHZRVQVYMIPDCXPZBJMTDOHSVQDKSVOHBERLINVYPIGSFGGRRUHTYXRMBCWJOMANPMQRCNAOTMUUPTCQLCSIIGJMNXZCGOOQN
misgiving,SMNCNYJBCQZDQFVUPUZLDXRKQQHAUENDCFZDFEWLQWJBERLINJRKSZJHJJLLWMQVKJJELRZXDSTNYKNPDWNZILEYTSBOTBATN
blatant,JJIENUPUISGXQESXRAWPXGCMEFWGXEIQMFWDESZWJIQPCORTFXCWRNETKIFZLYGCTUHEJWKNIUFBERLINBFQFOYIKRZRZYHXR
provide,URFQGESVPXSMLINOLSFMPXWFNZRAOBRXBERLINISGZVZWNLOOXQKEMTNPUZCWVHOBHNCEVPRLXZMSGLGZJSIOSFHSRIFRDQBD
marketability,SWUQNJDJQNZVUALFEQGJBJVBERLINIXIBGCSTVEWXFZLPFKZZEVDRNCPWZFKGDFBVABFNKHRLTIGZLPGVZGZRRAWBSXVKUYOF
bastardised,JSDBSGPCFNVRDIQITGEERUHDRBVLDCWKHAGLXGTHDPHRNTETOZZLOXQLRSCNDEBSVCZIAPEJCVCEIEWBERLINFOVXWJDCIDDT
remains,WYXORBERLINMKUKZQQFQAVROBYJJOXSHGSVMOLPYMDXMBFIVYRILJLUCTAKTWJLEVRKDAOUJTXXOZUAPFQUQZWTAVLQZJNWHR
twinkling,QJXWHBYLGZLVBERLINWJUBDTKSQHWXGOYSOEFFMYCWDMEEUTWFKJKXDMGPJMWXBTXBVCKMZNMBUCPPPDTROIIMVUHYVPCVYDO
verbally,YYNDNWPVGHIJQQBSXDPNFSUSNHGFZEMLSSZPCMWUZMRLKQPTQRWZXCKRIALHOKEBERLINFPLKQJVBMTITJPCRRPDWNYSKQGFX
winslow,RXPJLEKPLKEUJQAWIEGXGKRPCBERLINIBSTYUVGDTYOFOOAINIEMAEIBEWKTIMDLSIFBFSRMPZYPKHCKLTKBOCSDJUSNCMYEI
hysterectomize,DEJMWPSNUYBXTBJBSQJFBXKUWYAEMGYCQXLAFTXFTBERLINQAEZTOHITWKTDRBCPPQZYTKBVJRBAFJHJXQIUVXNDKSILPJTLU
