tremolant,KKARRUYSLCGXBFUUJJPKTFWLKUXXNKGSVDSBMVRSVDDAIULSWGQQRUJYVAPOWGFHQDVDQVKJXMTGJJPZBERLINJZIZYGMKIWO
bod,VVBERLINUXRPZQGRUXZVOVWGGBYGAOTHHJEJHMYJVSWQNDOEHUFKSPFXWLPRDKJPBIGMFYOXQHOWJFJFFKIVSRBOQAXCNDINM
fishiest,MFTSOGYQKMZVMHCSYJFGAQUJCXXBERLINDCCAFXUPXDEUBPHDEBUDZZZYERQPQFBIAKCHKPRJTRMQBPGLQGIZUTDRZEKUBGVH
roentgenology,PVWRJEUOAJXWOXBZURPJPKBIBERLINLSQSBSLDKXDYUUWBHGOUZAXOMDDGQIGHEZZUZFDAQQCHHRVLSFMJGJPGPWBRGGOBXVG
insitu,IBYCYDXEKAHANYXUNHTISVSHTFHPVLSTELJBRNEYFHJSGBSTWGLCNASSBERLINLPLJTVXMQDVTYXUTPGUFOTZGYPUKARXNYWF
uncivil,CBXLSAFNOTZYXVRPIBEFGVOCFAJEZACMRVWQPHFIBQJVGDVLENYFQSOFRNULYSYWYRFISSGTNTBPKVEXKNGKZRBERLINZVRYL
dentifrice,QJEBRYBIWAVRXGIXMBQSXKLRMPYZLRAKBERLINVJIQFUKZNNZUGCMBICGEMITDKHSUSDTMHQHAPDQDCLOKZLZQPLKNBCEKOJC
semitransparent,XFRPGIFNTDCGYVUVZRMNIVQSHQJLPFFXBYVDIKAQOTJQTNCTGFWQYMLMAGKVBBGPNZQQMKGMLVFXUNORKBERLINUJXKZFYRLI
diversion,QBWDHTBERLINVQMVTXWTBHZNSTQGSYRDATCCFTLICNJFZPNREULUIPDSKCOAPVBPAFDHOJPLMKQVPZCTMNPFPRGKPAVLVYLZE
divulsion,QBWKXTBERLINFTMVTXWTBTCNSTQGSYLQATCCFTLONNJFZPNRROLUIPDSKZIAPVBPAFKXOJPLMKQFGZCTMNPFNEGKPAVLVMRZE
ci,UBBBERLINJBRDNULWNXTJVWPCTVJLNUAVYXHPSAJMAVSNAIUJLDMGRWWOAOVCBRPBOCHSOIFEAGCPDOKLKEWOGBYTLKOLYVLP
authentic,WYFMHWOSPVJMXSWPZMLMWCLXLQRRDKDOFLSKQQRBTJMVSTIEBERLINZODBYRNBDYSHXXIZUNUQCTPMSZQXTEOGMAXRJOEWCTV
incautiousness,ITTCAWBIOWCYRIPGGRFNUVPLYXRFNVPBXLWURGHDLDJYIBELALVZHYHNGPUTWWSPHNYBERLINBIXYLPAXQDKZCTPKGLOPCWMQ
incompleteness,ITTEDXSCVMCYRIPGGPIQNJQFYXRFNVPDRMUIMBHDLDJYIDHMOEGQHYHNGPUSKXTWOHYBERLINDMZKEQYXQDKZCTOPHIZQTWMQ
incredibleness,ITTILLBFCMCYRIPGGAVGUNAFYXRFNVPHBEWMOBHDLDJYIHUEAHKQHYHNGPUDALSKMHYBERLINHZMYHAYXQDKZCTCDALYATWMQ
futon,MYCAVIYZADVAXWEPNWJKOGFQYWFDJVKPRJZPVVHEPHIFFDPNLPOSJBRVNMOARGPFBSHENUFIXDLFCMNPLDMJJWTIBLBERLINO
siesta,XBXSXTWRVQZZCGNKQJCZLLASXQJNVRJVYSSBERLINCZSCOYXVPGVTZVLPJYNQPYXMBXTKBQQSVNGETGURZFZBGXKLQSLQSGIY
slaw,XSRWVPGAVOARLEWCLHBKGQZFCDYYQLHVATQSSUSJZZXXGYZLGIFRGAPCBOXEQDWUEQBHGWLTOYWOKBACLSLCBERLINVWQLULD
fog,MMUDWABERLINTVZQSDWMCIQCLTPYWUKDRIASADBCDVYVOPJWFLJNPZJQXSNLSVPYTOSDMUNHZJLJRXHBJNFMDWCQDWQOSCECE
civiler,UBERLINALHLUTTECBDFNAVXJYDBLZNTSESWLNPFHQKFTDANAMCDRDILXNGWEUWMOQSVQBTENMTYGTXCLVHETYCWYBOGEEECPE
retry,PFNCBBXBERLINCHWPWTIEOXANBSBIUWVRQKFRTTEHXZHXPZYUQKHEQTJPMNVAOIZZLBCMQCBXHMUHKCPYQYMYJKXFBPNVPMGI
ablegate,WISIPLESZXGUQHXOPWBCPWVOHRKLCOKRMJWBCFGQTOSALETPIHDTBPBERLINOQRAJHVODPTJUAPRMFFZJKRHRUNCYSAVLEHEN
pseudology,RLCLBERLINHDFOSCCRFURYOUSKKCBBZRLDDNLVMXTPYAKDYOAJURTPATGVUDRKHGZQTHERNLFVYIIQRJFACCVWJFKBXKWJNNZ
sacrarium,XJEUNPKZCGWIVNXRCHWSGYZHFBCFHTEBZFIEBFZDMKSOGNADLOYMQGQFGUDBPSDBKNFFLBGRFGBEMNOBERLINISUGWKPVQAOP
mortality,FMUBUAKSQRXINUZCTRUFRJCZPRZTGWMXWJJXJSFNHFVDBWJCKNTSOQETPZROWZEDYDLFCHYPYKOHEBZJGOWKJIHHCBERLINUU
logistics,GMCEDHBERLINIZVIOUEWCFAVYXGRJKWCXJLEOHRECOGVKVNRYUZJGDZMRAEOPMXRMPSGQWIUBQOEPETCWHKVUQUUZCIOQDXJE
winebottle,ABERLINKEACSTQVRINUFZVGQZNOXCWQVLDVXBTHZBTFDASZDOUVOMDYTDMDIKFHACYPTYSRFHKNWOUWLMOOXSWKYRZCOANFSF
leanest,GBERLINZQKCVRGSZICVGEHGDYQSMLXOMGNBPEBNHLSHSVKUCMREYHVHLJIWFALVUXFYTJAILUMTKGZGYPXDVWGEUDOYIMFWFQ
meanest,FBERLINXQKCVRGOZICVGEGGDYQSMJXOMGNBYEBNHLSGSVKUCMKEYHVHLIIWFALVQXFYTJAHLUMTKGXGYPXDVVGEUDOYHMFWFQ
transfusible,KMAWVBWNWLMUEQMMBERLINQDLTRZYVFHJCYBKMAACNZIPAYBMLEFRQQXZDQNVKUQUYIGVZYUXDTCEPXFHNSHMRGVAQKTPAFJV
mohammedan,FHBURFXLANYWJKEXIXYGTMZUYRQIUXQSHKEEWJHEWKHKLAZELFEVBERLINLQKMJGBDVJXWSMEQPQDFNPEVLTUQKABKHRNQIHR
caspian,UVEDUQTLWQAXKBGVXOMVUIZLMKTVABSMBERLINBPXWVQVCZHPNHVFXGFWFSBPKSVDNMDHEORVMZMSGLGMGLGORETHDGAUSUHN
beheld,VMLPJFCHUYZFGABZMXZMHHFBAPYLOHMRCHBJHHEBERLINHPQYBAXPPFQSCMVTUJASXROAKYXQDHIOADAFTGOQHPPLAXOYYTHF
scripps,XQTZTLFUPBERLINTGMDMPUYVSFVDAZSAYXTEKMZZFCODVKJMJVKYWPFKBNRGYXVCMWFHGRGZRSZWJCDNHBELUNNYDGSYHHHKW
profuse,RYKVJTDRAHJFAMREIAPACBERLINIWGGUROLKLTIRISYKEUQXCPXJUFQVERWDHEQIVPLZPTUSPUMFVVNXZEBVEAKJCQNLOKTYK
