sensorimotor,FJWBCQVSXWCSIHYXPRSCBUOJPYLDIBERLINNTFLGTCTAVCGHTIRWHSNEKJETKQOKJMQOIRGRDBQQXIWZIZWZVUWYYDOVVCWVB
actualise,EMTXZDVMDZWCKMVQQWHMRCUSQALHPEOFWCDIPHXPQZTNBERLINUNOYRQNTRQLZOTTUHJUUTWCDRDHOWERREYAZLXNSGOIWGFZ
actualize,EMTXZDVZDZWCKMVQRWHMRCUSQHLHPEOFWCLIPHXPQZTKBERLINUNFYRQNTRQLSOTTUHJUUEWCDRDHOWMRREYAZLXKSGOIWGFZ
immature,PCAFFPVDEIYYZTPVGGINHDISQURHMLEOTAFIHYMEHUGLYXWTUBERLINIGBTKDDSXKTPIUJWLRRTXRXWPYLJUSEXKFVHSYXAFZ
immatureness,PCAFFPVDAVHPHAFKXDSIZQDEQURHMLEOKHXJPORIZMTGGBMCUBERLINICIJRZGIYERQESKMVRRTXRXWPXXYVUHATWNOYGBYLZ
prouder,IKQOKJFLEVNSVQXOZJEJUBOMJZBILLAQMDNKCMXUQIMQOMBGUNZKQSWYEOAJXJSPQWKCISEDEXFRXNGBBNLBERLINCNECQPNO
childhood,CGOVSKCIYMKVPLKYZRFGYAYVATCASXBERLINRCZRRILJKTTTMMZRDSZIQYBDTVWWABLIZPCRAOYBUUDBNQHIDXUSXDEKJUQYF
rewardable,LJWOBSDIOMAZODMMRVKFCQHOCUSGNWZBPDMOCHFDYYPDXRECIEJXWUBERLINOQOWITBHVVEQKTDHVDLYJXSHYHFOSZNPBTVBG
chairwoman,CGXNJUFMGLZVSXKAPZBERLINLDBJRVLOTXKQELQCQZTXSJGFWDBUXCJKPQWMWLSEWNDLTUPLRMMPXGZRBUAYDPHBHXEKCMTWI
crate,CVKFPOMEQWBPJCCRWKLBBAWFMKFOMUINUICYEJZJQTNXGSOAFOJYTASHPABWNSHKEJBFAVCQLCWXOSDQDBERLINDWZOCWONEE
teletypist,HFJFSWBOHSSKTDBERLINKWIDOAXDDCVTVLJVATUXRPYDHQETTMARXKTWNHSOYJXTGUSTODDUZTKAVOSCARANXKTYWEJZREQZE
vaughans,VJTVVOMHJIIEAHENBFKDBGGYGYXXYNACCAZXVFKBCQXBVRUKHIBERLINMBLCMQHUUPHSINUGQBRBEKNAALPTHUSWAUZWVROBM
greyly,OVCUCYKLLSKQQQATMSKSRWINOXBJWSQUKPPIZWOCXASQQQGVZNBBOQAXLQKCEDFTKUOBMOUZDULDBERLINLWIRCIYMCAIMHDG
oscitation,GGARTCDOUSSKFYLZXBNTOLXROXSPCEXCDYLFSKOYXZGSQTEZOZIZTGAMXPBERLINEABTFDDUAVCUNVDQFUJDXLFUVGMTIVUID
nickle,ZTTQJCTRORINBPEJCYYTROFOYJFJUUGWFOZQLKXZEXFYPGNRWTDIQAISNKMNZBKSVOVRDLNYWVRSOTOQVPPFIDSQBERLINTEA
coprolalia,CHSJOBTZAWRSMJCJWISFWWPQTHVYRSLSFUIAPXHIVCJJIZAYUETRFDPTLSWYWMHBFSYXXRORGDRFMPWYTRUPWAYQHBERLINDA
demandable,BSRORNTSIHDTPBOMAYTSSFXMJNSSCSJXADEMPOVSOARBERLINOGJABICRDOYVDCWBLYOSMHZXYWHYJUVGJJRCFFXVBDNFTIUA
expandable,ANJORNTSIHCLMBOMAYTSOZGMJNSSCSIEVDEMPOVSTQJBERLINOFPVBICRDOYUWXWBLYOSMGFGYWHYJUVFPORCFFXVBCSRTIUA
imitate,PZVJTFQPTDDKIYPBERLINDBWEPRZZDCIIGRYHKCIWJTWAIBSNOUFIKYSGXNTYNTLNZEGEHWPZISQSXJQNZJSGTVDWYPNYVXJB
piloting,IYQFYWMONDQWETZGWGYDSDAZCJDEDGOPHXRFYKLTQMYDMRLNAOVVFGCDZRLKKTYNBZUDAJNBERLINXIVLFZMXAMXVGPPJVSOO
believing,DSHBZYMZCESIFTVERUIJIDIDPJKTPEPEZDUTXXZSXATVPHPRLCLSPNSBERLINFTXKLPBRFNBKEULBLNDGWLYGECYDRBWPJQKO
unbelievingly,WXWFNCVVAKTIZQZMCLBJDDANRAMNSLRADPZXNMHKJUBXREMPGAVNRGSBERLINFTICGZEFDWDFANNYEGDMQETLKJXJWHGRWQOO
forlornness,SXBKTIFPHUDHNNZNOOYMKVNAYQRIPCMBERLINQYPEQALEBNLBQVTSWYNNVQUZDRULSKGHBEWWYUWMZRHZXPKFJOVNYNZIITZW
vicinage,VMDNMUTNSSBIHMZVJJXBERLINFREREIVSTUBEGTHNQTGOMOULIHKVLTFMEUJWXQWGDKHTMYXKDPOGSESILWHUUQSOOLGBJIUQ
hendiadys,TVKIQCBIQZPVFYMNKOGUMGVSZLAGTEWWFUVVWTUBHFIYNWBMKLJTFVRECVRSWUVLTCOGENLMYHWRCTCBERLINCGWZHFBSRHFT
menage,KVVGYCPGOHTNIDOTLXCBERLINYUEERSVCFLBXGJVVQULOMRAZEBYXGZFUIPXJXBWVHLMKTSJBBIGNYSYTPEVJGHDHCTPFBNIQ
gesture,OVCUCYKLLSKQQQATMSKSRWINOXBJWSQUKPPIZWOCXASQQQGVZNBBOQAXLQKCEDFTKUOBMOUZDULDBERLINLWIRCIYMCAIMHDG
crappy,CSTFSHVLOVSPDFEGWXGMWVGDRAXAEJIGGHCIGHRLXZDTIEDBUNVXEPWJUPORXVBPXFRLBVCCOGTUHEIBERLINETSZTOAPBQNP
cladonia,CJXZBUQOLSFQYMXYISBERLINMEOYAAEYUYWZKPHDHJBQNSIKSZBGBATJOUXWWTKZYDYNTAYHOJPFPQCVPLEELAQFMPONXJOAO
birchen,DXGSRADEFAZBERLINLBLLCJHANHXAXZVSCSCGLZFMSFOTTJYMNYQOLTTFSDKMSPZAIMTANTYJOPIVSXLBAFORETKHTRMDGQSU
allegheny,EVJTNJYZJHMEVBTEPXFJUHCQZFLEWACRPQRIUQLSYUBMJANARAUFUKGBERLINMUZJNZYIVNIPWLRFZNFJQLBLONXSMILZVDTI
stegocephalia,FCVHPRQYFFEYHOBSIFSWAPLDQMUZPEILBBXWNQQKZHKRIQPEPUVCAMLWWPNFMDXTBYZNTMWRGLWVBXKQSBERLINHDEAIQQPYO
plethora,IVVSYLWEITNBERLINTMUCQURYXKZKNNYXSQGHSYQTPBATTNCQPXNUAEPZUNQKXAZTNQUAGEDAMAKVBPXDQISHGSWSUVTYYLUI
don,BBHJUNUINLUOWSNHZMEBERLINTKSRAYKQPIDKTBUJBPJLPZGFAMGDWXDPVWPJVHVYLETMICMSKEYDHVBDNCXTGHMXRDUZICUX
frow,SOYWJQMPCBILBKOHJCDTMREZMHHPRGGWAPAKMNHTFHKSEQZVXTSFUSIBERLINSBJPKXKZANDZQLGDQZUOGESDYQNDIRUEQCTY
rustiness,LERMLYKWHBERLINRQVQEXPGXXFUWLPVCQJDHCAUWFLBXFQICSJMKORAGJXNFUTCGMGOGMYTVIPXTSWRJODZQXVHONONXFLOTP
