promptness,JKYJPBMHURZWHUIADQCCOMZPACBZSQWNIACAIKRQRFBUNPNBOQBVSSOKDIXJRMJUGMDKCNCOFRRJYVSFIBEZWJQTVBERLINWV
outbreak,HSUFDOMQVFJYWSZSXDPNFFEJOMIHJNAIITKIFTHUZMRLKKNHSOZRILIZXOMKBFYBERLINMNRFXMXZKNGGHTUTGQDWNYSKKPVD
mammonish,RQALTOBAGIGATQEDWLICNGEJUAONBQQPRDXXNJRVZQJBERLINUDCBVYEEBLTMZNCCTPAZVMSZFTPNKCKTLRKERSHVKHVARPVK
nyctophobia,KZGSOVTHXUWGKLIOBAMQYNLUVOCQRARQHAWCFUKAOSOMHAOIFMCARLBERLINOMWZSMFLIBBYETTMWUJECKKJXXAWDGMOZNTLG
halogens,OQHHPZTFGKCTJKEXIXVUOSWBVSBJCGNASMNLOXKGJSQNNQOSWNMPBERLINEYRSHKYIDLFFONPFEKMQOOTYWWWASYHAUBNQIHR
charged,DCGVNXZMWUCXNAKHTCCFAZHXSPAAAZYDWSLNWFGIJHBHYGRBCCQQUYXIKIRMLWVXPJLYWNFVDHTXEUVGRLGQYDWOWBERLINXR
charmed,DCGVHXZMWUCNNAKHTCTFAZHXSXAAAZYDMSLNWFGDJHBHYGVBCCQQUWXIKIRMFWVXPJLWWNFVDHZXEUVGRFGQYDWOMBERLINNR
charred,DCGVOXZMWUCDNAKHTCUFAZHXSIAAAZYDCSLNWFGRJHBHYGGBCCQQUHXIKIRMPWVXPJLHWNFVDHJXEUVGRPGQYDWOCBERLINDR
billycock,ETMPSUBERLINTPERQWCFNQTAOVPHZREGEFOWYHMTYVDJXLZWQJTTTJYDFRTZRYWKRWHUBFORCVIIUJCTMNPFEDSONSBZABVGD
flemings,AYXOUEVSHEUBIYLVDBERLINQUDVZWCVCNKRZVVJVNYSUCUWYAOMCMEVIFFRVIKBRRUARHDNNOQULDSWZOGCRVCFKCLDHOPEKK
lisbon,YTRBDCFWULWGEHTJXTXBERLINJUDJWRMHCAKKFNOZFVSZIZGQPOWIUCYWDZEVQAMEUFTMAZKKVXQZTGJFNESMUZQWGWUZICUX
raja,MFTSOGYQKMZVMHCSYJFGAQUJCXXBERLINDCCAFXUPXDEUBPHDEBUDZZZYERQPQFBIAKCHKPRJTRMQBPGLQGIZUTDRZEKUBGVH
curet,DXUFSJZMGSBERLINJAFXDORFHKNXTKKRQIWCGZOLRUNSPGNMBLSLUUEWBLBAZEPVCJWMGDTYXEBXEGZJLDYUZIRJMEQHUERGK
indeterminateness,TXCPSPSSFTAKFVPTWSBERLINMHQCFLPBHCCXYYZHPEDKNOWZKDLHVJNZMIXGIHGRWRCETBXQGXIBDJRGASLLXAJTLKIABQZNE
cutout,DVITMVGPJOIRBTCTISMQIVDSSABNTBERLINNVREZHWNKUTWPSAXTFCRPQUDPOIWUPHRMNUVPMXKTTDZVBPCTZZMOAKLBZJFVZ
larder,YDMXZPMGKGPWSXIVMQDBERLINVFKOLABNOGDUVTENYBSZIZGQCVGTIIMYSOULTMXOEXTMAZKKYIDHXNSLILJGODKLPCUZICUX
diversion,CYWFJHBERLINEHMXSBWTBHZNUXQIBFRDATCCRXLLEPJFZPNRKILWLGDSKCOAMJBOCVDHOJPLAQQXOCCTMNPFMUGYOLVLVYLZK
divulsion,CYWYKHBERLINRXMXSBWTBTCNUXQIBFLQATCCRXLAUPJFZPNRJZLWLGDSKZIAMJBOCVKXOJPLAQQHICCTMNPFBOGYOLVLVMRZK
severalty,GSWFZAVBYSXTJRPCKLNUIDCJDZATAUJBMESESKINPVBXHPPDPTEBIEQBBPGSJLZCVJKDHZCNJESEXKZMJNLDCUBERLINBEGCZ
diversion,CYIAQHBERLINEHDNDBWTBHZNUXFDFFRDATCCRXCFIPJFZPNRKICMUGDSKCOAMJKKGVDHOJPLAQFNCCCTMNPFMUOWCLVLVYLZK
divulsion,CYIWTHBERLINRXDNDBWTBTCNUXFDFFLQATCCRXCYZPJFZPNRJZCMUGDSKZIAMJKKGVKXOJPLAQFCNCCTMNPFBOOWCLVLVMRZK
delectable,CSHABSDIOMZIVFMMRVKFRDOACUSGNWLXQFMOCHFDQMQFXRECIEBHHWBERLINWDVZITBHVVPDLSDHVDLYBHWJYHFOSZENZSVBG
detectable,CSRABSDIOMZICFMMRVKFRDMACUSGNWLXAFMOCHFDQMAFXRECIEBHRWBERLINWDCZITBHVVPDTSDHVDLYBHDJYHFOSZENFSVBG
indelectable,TXUAKZBNIUMIXTLELNBNTGOAPSPDNWMOTIDXRPNDGMYNKWRSLPBHHWBERLINMYPZAWSMSZVDNXCAFAZCELWJVZCYSZFKCCHRO
indictable,TXUPBSDIOMQAPBMMRVKFVYFPCUSGNWFJRBMOCHFDIDRBXRECIEPSUNBERLINMYPUITBHVVXYXYDHVDLYPSTFYHFOSZSESYVBG
injectable,TXIABSDIOMQAWFMMRVKFVYSACUSGNWFJUFMOCHFDIDUFXRECIEPSIWBERLINMYWZITBHVVXYMSDHVDLYPSXJYHFOSZSEKSVBG
rejectable,MSIABSDIOMBIWFMMRVKFDDSACUSGNWKXUFMOCHFDPMUFXRECIELHIWBERLINSDWZITBHVVFDMSDHVDLYLHXJYHFOSZQNKSVBG
resectable,MSZABSDIOMBIAFMMRVKFDDJACUSGNWKXOFMOCHFDPMOFXRECIELHZWBERLINSDAZITBHVVFDYSDHVDLYLHBJYHFOSZQNDSVBG
undetectable,XXUAGZBNIUMIMTLETNBNTGOAWSPDSWMOTIDXUPNDKMYNKWRSEPBHRWBERLINFYPZQWSMSZVDGXCAZAZCELWJJZCYNZFKCCHRZ
loyal,YFPJIBILIYKWKUYCISFEYUXZRHCWBERLINDRRACKNEMBZOOLFTVJQUXIXHUQGRYKQLGGLWVJSILJRFRFCVRZFOKIMXFTMXHRJ
diversion,CYCFJHBERLINEHTXSBWTBHZNUXSIBFRDATCCRXPLEPJFZPNRKIPWLGDSKCOAMJQOCVDHOJPLAQSXOCCTMNPFMUZYOLVLVYLZK
divulsion,CYCYKHBERLINRXTXSBWTBTCNUXSIBFLQATCCRXPAUPJFZPNRJZPWLGDSKZIAMJQOCVKXOJPLAQSHICCTMNPFBOZYOLVLVMRZK
remonetize,MMUDWABERLINTVZQSDWMCIQCLTPYWUKDRIASADBCDVYVOPJWFLJNPZJQXSNLSVPYTOSDMUNHZJLJRXHBJNFMDWCQDWQOSCECE
zootomy,QXTBERLINTOAZIRKOLHECBUAGPWDGCVLDZXNGBRVFGJFRDIJSPGSOWXVEEPSYIIOMFGBWEHYAAGCPDOHHSKNEVJKQXNLISKJT
kinematics,NHYZLNIZMPJEPJBNZMQEEMNZMBEWSBBQRJBSADSCTKBTAHJNYVZDURXFZGCMAMDLXLGXCAQSXDKIQSERMVEBERLINDYISDFCE
problematical,JYJYMIRAWQANOXZUUJMZTPWRPXFEDSLXYQVXYMXFPDNXHPGTVNMBEEEEFLKLPMQUZUJBDVCPDLPGLTLSGPGBERLINCERXJVZT
telematics,IMTZLNIZMPFIOJBNZMQEAVUZMBEWSBTXPJBSADSCKTDTAHJNYVUHWRXFZGCMPVFLXLGXCAJDKDKIQSERHKGBERLINDXNBDFCE
nuxvomica,KBWRBSMOQJUITQVEQKDCLCUMUSBSXHKTYFLNVYONZWFNVKGDIWAWCPEXOSGNVVDCUKUUTVZHXKQGWRNXEMCBERLINCCVOWGXK
diversion,CHPBCMBERLINEKXQZFWTBHZNUDKERJRDATCCRDWGTAJFZPNRKRWNDLDSKCOAMYHRYKDHOJPLASKQXGCTMNPFMANXXUVLVYLZK
divulsion,CHPXNMBERLINRDXQZFWTBTCNUDKERJLQATCCRDWPHAJFZPNRJEWNDLDSKZIAMYHRYKKXOJPLASKDBGCTMNPFBLNXXUVLVMRZK
galeophobia,SVBBERLINQGVVHRRKNYMPTECNTHMBGFKGHWOAXXAZAJLNMIPSZIPGRUFVEEYEWDKRLBIBSRXPJHJXFZVASOHOTMPICIYRVYLA
gladsome,SFMSSUENVECSLMBERLINJVJEHYCAJGDSHQWJOQRDQXTURCYGZAMENBLQROAKMSFVDETENMSWTTIMUJFFGGWZXZPIKKHSTDBLN
belonging,EMBEDAJBERLINRGREAITYMNUVLUJILJVKGWFVBNIMSSUGZDNGUSLUZFHSLEXIHYKAKFDSEUSLKRISPXKJWSBLJXRYWIXIQOYR
straight,GZXYERUUIXICRXKXPJUVAABSRDRDAOARCGXOVFODIZJNTRSQZBFQOFURBERLINYPLXPYXJOJELUHKVVHSKPYBOUYYZQCUUKFS
straightjacket,GZXYERUUOUAJOABXBGAJBJSPXHLGJHQXKTEBUMDHDZEVMAOELBWQEZXRBERLINYPAUUCYZGJJHABROQEPTNOLHBZNJAFQROJR
straightnesses,GZXYERUUYLDDOOBXBGAJBJPZRBLEJHQXKTEBMHGBDWEVMAOELBQJHNXZBERLINYPTLXPYWGJJHABROLASXNPLHBZNJAFLWBDR
tabloid,IVLSYIZHMYXKHUWVSSJOCYXHTELMBZLOUOJZFBYFHVXNLTNSZYBUUBKHSZEDGBERLINQHTATSVTQQDGICWNEXMHXWRVGJLPIX
dub,CFASFFACRNJWWKFNCWWCTMDMRHXBZDZQHDCEYURIQBERLINSZRIORXRPSFLNXDZOVEKBEWJNFTEMOSHMEMPUTHARAFFIIOAXG
stricklands,GPHRSRKODIVXMTOWCLQVPLMDCTKMTBGWJEBJVQCTPWIAUAOWYSYXRPBERLINAQJIFNCANHWZKMNMXJHTOMJSVNOTYGZGMEZGV
cheremis,DNTOKXYSMZZUGZCMQWFFYOUYROXASFLRELCBYWXAUODDJNPKYMBQODZEQMRNXOFQAHKBCEPGBERLINPZCRGHQSTVNSEZJNGBS
cheremis,DNTOKXYSXHCOYTRTGMESRZMSSGPJIJPDBERWKEQOWLHFQVCBNCTBVNQPUXYZRRGRMTJNTNLKBERLINPZIJWXCEVBFRDNIGDFE
reschedule,MVOFZCPXUHHXLFOOJECFEIDPYRZWXAWCMFSAFQWGTXHVBCANUDYJHKVHNELXDJLXGPSRYVFKBERLINAXWWMJIRRQIZUXTYIHS
schedule,GXWDPZVBSJRXGKYOQWFFYOZRDPUAOWACMFSAFQWGZKSQFZKPSFIJDHNHWWQXRSSVUOYECFVKBERLINAXMZDHNLQTKRBXKJFHD
scheduler,GXWDPZVBENSUFEXZIOQHXISLZRBFSTGDPTCLJSKGUHPQUHBKREBDCBTJIUXHQJVRMKOFXJYDBERLINAXWYIEMYJXUCJKVKNTZ
allotriomorphism,FJTZOPTPCBILBJQYVQFSADWZMHHPRPYEGHCYAYKTFHKSEDHDTIBHDIRBERLINVWTCEKYHJODZQLGDDHCEXGBZESNDIRUEDXMB
anthropomorphism,FHLJBZJPCBILBJQYVMZWDSCZMHHPRPYEGFVNDXFTFHKSEDHDTGUOGEGBERLINVWTCCGNLFLDZQLGDDHCEVKZYAMNDIRUEDXMB
anthropomorphize,FHLJBZJPCBILBJRCVMZWDSCZMHHPRPCMGFVNDXFTFHKSEDULTGUOGEGBERLINVTECCGNLFLDZQLGDDUJEVKZYAMNDIRUEDOZB
anthropomorphous,FHLJBZJPCBILBKOHVMZWDSCZMHHPRGGWGFVNDXFTFHKSEQZVTGUOGEGBERLINSBJCCGNLFLDZQLGDQZUEVKZYAMNDIRUEQCTB
gynandromorphous,SOYWJQMPCBILBKOHJCDTMREZMHHPRGGWAPAKMNHTFHKSEQZVXTSFUSIBERLINSBJPKXKZANDZQLGDQZUOGESDYQNDIRUEQCTY
fatalistic,ASVZXYPBFDCIXEZCWGNTOLXRNDHTSVFKJTHQEFJTMMYTHWTYVPMHJVIYWBBERLINZNJOCUXFGXSPXBUVSHOBMDOXGLUNROPZC
macpaint,RSXHZDNSYWWBIVNPBZGDWGCLMMMJOXBRUIAUTQBMCAEBERLINOYPTVJETJZSKYVOUJRSTNLYZXUKHOQZNZERVPHAABFWERRWW
iraqi,TFMPMOVLKJUTSEFHPTAKZKXFSROESWOJHKUHMCIJQKJRDJWHIAHBKHUCNZZFNDQSTPCYCZVKUZIIXADBERLINOJPBELJJUNEA
prerecord,JFCVPPBGFKBERLINPEHVKJKHDKZCCWKQLWWRCFMQNJURQTGWOECJNPEJNIUUYJMFQZDYTYFAQUONHKPFBMYUACSZVKMZQULOE
ethiopic,BYFRTKCEJBALLRJWMSQBSAYAZHSPDHXSCKLTSZOFNHMSQUDOKRJJCFSJMRCIYANZOWBTGGDMSQCGNUDTADUDXBERLINUQUQGT
