sprightliness,UXLAAYRDLGODGAXCMQNIGNLBEGZAVWMARKWAOJCZXKGFILAUEMLYIGOYXFENPTTCIIHYKFARTSPGEJFGXKAPAIPWYKBERLINX
palynology,XQKZGAVQQBERLINRMRLZEOESMCWQABDTVNSNYMXTXQTXFLREDJBXPCXXIYUQOZEGYIODXOJZBLUBTYRJUOEZVNJOUGKAEXRCZ
offing,VIOBGCFYDWXWQJTNIBFQAJIDYZRWLTTAEGWBERLINKMJDYZURNHQXKRIVRGKDNGKQADRRRYMIDVIDVPDHQANUMAITSXYJAREI
laconically,DQTRVFBERLINHYQQNJSEYPGZAEQRWSMYLQMLEXDLOVYCHICACFLYVOGIREWJKVHAOWXDKAYJAXKMRVWCUJASYMYSYBQCOJQVP
neuritis,BJHIYQMHJVCOIUZKMQVVTREDZYBLBBACCHNMTNHINYQQMINBKIMTASINMIEPKRYYOEDMEANUSBERLINAAXWXVYQTLPUCMIPJT
educated,JLHPDQVSXWCNWUPMKUVDFRIYAPBOJBERLINSFNMARPQBKIWKBJMMISNEKJELBRSQGFDSNAWGHCEIZIWZIZWFTYXVZTUWKIABF
grecism,HKVMZUZZFVBUCHEFWDNURMWJSRAMHEXDXKSGIKEDSUKONGPKOGZXXYBHUGFZKZWSQHSVXNBTZLRPEQXSLQDMUBBNZBERLINHH
anemone,QBHOCEYLRZVEEHWGWRZBERLINBBHGZXRKYGTKFRWJBHSATGOBNDQRNXMADOVPFTBYLKMDVEKHRLJMMUSNACXTGHMYCMALEDRW
partitur,XJMQRZZNPTIEILPGAPPNROLXIYFVAGHHVVZXTIMYBERLINZVJIVCSEVXOWLCKWSIQQLIBEZCVBISJQKFQSPTVXXLSFYSINCTQ
challenge,MCFEGCRAUSJZGTGZEJUCCVCOZVYUVRMXHHRBDOSJBXCBNMQAYOFXVUBERLINVHJEWERYFKUJJRCWYTYKFBTMQEBPDZQVWDRET
challengo,MCFEGCRARSJZGTGZEVUCCVCOZVBUVRMXHHRHDOSJBXCBZMQAYOFXVRBERLINVHVEWERYFKUVJRCWYTYKMBTMQEBPDOQVWDRET
fool,IMTZLNIZMPFIOJBNZMQEAVUZMBEWSBTXPJBSADSCKTDTAHJNYVUHWRXFZGCMPVFLXLGXCAJDKDKIQSERHKGBERLINDXNBDFCE
gentes,HFJFSWBOHSSKTDBERLINKWIDOAXDDCVTVLJVATUXRPYDHQETTMARXKTWNHSOYJXTGUSTODDUZTKAVOSCARANXKTYWEJZREQZE
pudgy,XYWBBERLINFEALZPRVDIMGVUHSBLDSLZEYRWLRRNVWMBJLNXBRJYDNYOJFLAOKVYIAUCKHMSKADNGFRPUDBUCZFOJYYVJQRNI
wieners,TBERLINWQMXZHECLKBNKXKPOZXIJEIPVLQUKITYDEPODAMIGGZEXHLUNHABIIVPECAZFDWPFHVBOEHEYAQTWZCJLZCWLPKLEV
cudiometer,MYNFOAOSREBERLINVGVODSDFSVRTIJKQZLISTOBPPHZLUYSKETLDNYOFVBEFSSRTFOPOMIFSVEAILRGULDYUZIAVYMQITENCB
haltere,GGXVMWQSKNPURSDSDWVIOOZTHUBFXOMBDTYCWYDLRXFDGMKGERJSEKJEJQLTTWFTPOZBWPWQSAOBERLINFWNWMXEHGMNNBGIA
ungifted,SRYELVPNZHJGGVJNCMPHRSGDCFXBERLINBBGMNLAFUIPHUVDMFXQVXRQJKZZIPGAHPLKCBDHWSMNHQUALBGIZUTDRWDTSISBW
unsifted,SRCELVPNZHWGGVJNCMDHRSGDCFOBERLINBIGMNLAFUVPHUVDMFOQVXRQJKSZIPGAHPXKCBDHWSZNHQUALBQIZUTDRWLTSISBW
ungifted,SRYELVDAGQWVAVJNCMPHBQRJJUMBERLINBIRSZXJSUIPHUVDZKFKPAUQJKZZIPQUYCXCPBDHWSMNUBCGXLAIZUTDRWLMQUGLL
unsifted,SRCELVDAGQTVAVJNCMDHBQRJJUZBERLINBVRSZXJSUVPHUVDZKNKPAUQJKSZIPQUYCOCPBDHWSZNUBCGXLHIZUTDRWXMQUGLL
ungifted,SRYELVDTEITGGVJNCMPHBLZEWFXBERLINBIXTQOAFUIPHUVDZWDUDXRQJKZZIPQMKTOKCBDHWSMNUOABOBGIZUTDRWLIMJQBW
unsifted,SRCELVDTEIEGGVJNCMDHBLZEWFOBERLINBVXTQOAFUVPHUVDZWLUDXRQJKSZIPQMKTFKCBDHWSZNUOABOBQIZUTDRWXIMJQBW
twilit,WWKCHVJRINLTKUOZBPKTZLGHHCQEQDOVBERLINQHCEXYGOUFIVTXNBGSLFNYERBRUQHKSWUZUIWUPLLQSUOWAYKPAFZLGOOQN
midmost,CORJWXCCDIDNRLCHJRDRBJHYEVGHOJHIBZJBQOCBCODPFIRMBERLINHUNTXTUONWZTESWPPCTIZSUTVZNMYUNDRDJHMZBRXCQ
imperfectly,FYVEZSZNHNIHIXZPIXTKYVRTXVOHUSOUPFMHXKGLPYHZRUBERLINUUXBCRLDPGXDJHNCSPQFLFXCQBFLIRVQEVUJTZKVCCPEC
coolly,MHEZFVHKTBQTAQZKQUIMKHZZCKORMDPUWKTLVMHIUPGJHYAWDGIHLBEOSRVYMKYYAFPHAQADJSBERLINUDBWHRQTNTHOHYLOH
countrified,MHMWJKQSGYANJKECZDEMBGUEKWRIRSQKCFZOIGBJKJBERLINBOEIXUDWUZNDHBCNJIXFXXLVRPAXETCYAWUDYQKXQIBGQHNLW
countryfied,MHMWJKASGYANJKECZWEMBGUEKWRIHSQKCFZOIGBPKJBERLINBOXIXUDWUZNDHUCNJIXFXXLVHPAXETCYAWUWYQKXQIBGQHSLW
castigate,MFYMOGVUCQBOKYKODVTUXWVBERLINBHOKHUGDBVWKYTVASFGIPZTURLWJMYVBNOOQMWCXKIUJTZTQBWHKVVXACUCCOPBFEHHJ
alexandria,QYVHURBXQMUETWMMRVKFWDKWEFLGNRKPLNOVQMZNOHYNEVCMTETDVBBERLINNDLILUNHVKFIHGWOAHTENDOWICDHUZAIALVBG
panning,XVIIRYRKYJDCDCMBMHRVOZKSZKCWNYDOGBKBERLINYESGWKTSZOTYMMUBUFPZCEHLOEVSUFPSYJRMGBPAVXTAVWKUWYZZWSJT
blackguardy,NFJEVHXUOOITHMWGWHQBCOSPJAIGZGBERLINCRKFOHNWTOGGJUOTVKQXNWAJYFXENWCDJDUQOFWZPIRMLENBCBEJZOVABSIVU
phraseology,XIVPDATOTVJWIMCYKYHFOWZTLBERLINTKXHFEEQMUDJGPZCCGLVBJLTXWRGMPQYOEVJZXXTMQTICPDVHNOUHNUXDAYPWKYIAM
windiest,THSHUVHVIVLCIJXDAZENAXKZUKKJRDPLBHRVTHGZBACLUFBWVGDPKBERLINAKVRFQJZIHTBDYSPKDLIISXOYVWNHSBDSUFMOK
queerer,ABERLINKZQBFMRVNZWVTGJMEATSWPGCSPLZSGJTRQKPCVDQZNBOQVABOJBWRGWVSXJAXIYYFHTPNAYZCTFNODZSBCOYFGDQUW
pyuria,XRDLMCTRHBERLINHVKDWHVEMIGTNXWNVAKUHSGBPWBBUYDNJJKHSWURSJRGZYUVJCLXNUYNPVNAPATOQODZQXVHMUCCDYDPXQ
scripps,UQTZTLFUKBERLINTDMDMPUYVPFVDAZSAZXTEKMZZCCODVKJMGVKYWPFKONRGYXVCIWFHGRGZXSZWJCDNEBELUNNYAGSYHHHKQ
deepness,LMMOVYESZXGUCPMMRVKFXCTYBTFAYJKRMJWBXRAAYTXDFWFKCLVQRHBERLINQCUQHGHBOIFGIDILEWFZJKRHJDGVKOZZFWVBG
confiscated,MYKVKGTWXDYWZFFCPLJPRCZEZAXTFKXHETLKAHATPTDULYWYTKHJJQKKZUYICYQVEAYXKGRUJMFCQOCTABQJTBBMZTPBERLIN
confiscator,MYKVKGTWXJEWZFFCPLJPAMZEZAXTFKXQQTLKAHATPTJTLYWYTKHJJKCKZUYICYQVLJYXKGRUJMFIPOCTABQJTBHRZTPBERLIN
rifeness,KMAWVBWNWLMUEQMMBERLINQDLTRZYVFHJCYBKMAACNZIPAYBMLEFRQQXZDQNVKUQUYIGVZYUXDTCEPXFHNSHMRGVAQKTPAFJV
craft,MSFNSOBOHSECOCDNUMMPAIZXPMSMHBBHBOBBMVRSVYDRQGWEIMTKKMGKATKQUMHPWGZFRZWXMGFBXYXRBERLINBZCTQNWMQAE
rabbinism,KKARRUYSLCGXBFUUJJPKTFWLKUXXNKGSVDSBMVRSVDDAIULSWGQQRUJYVAPOWGFHQDVDQVKJXMTGJJPZBERLINJZIZYGMKIWO
sandiest,UKMHMODFYFVPMSVZQWKNGUAVRDGTTNYRQUEOOOZQUBMJMHTMPEPLSECYBERLINGDRJZNKTONITZBIEMOUURMEWZETGZBBKUHJ
discontented,LMICYORJCCSSNBERLINVKARBXXUJEZOHBNSGQEPVAKWFTIUEYLQSJIPMPZRTOVWRCPZIKGDRHYPWFPDFAENLLLRBXRZCGGDJX
offing,VUCCGCFYDWXPXLTNIBFQAVNEYZRWLTTGIHWBERLINSVLDYZURNHKYRRIVRGKDZLRQADRRRYXNEVIDVPDHKEQUMAITSXBQBREI
whodunit,TNJHUSSGOZOPFBGBFUIGRBXVQPDGPFGUXHZIZSZZOUKEFSOMUGVMQWUYLHIKMJOTTTGNTVOYPXAYTPCITWXWSCDSGSWBERLIN
but,NFLVVKEGOOUJVDVFJAUJIPLKDXEXYHKBXWOPEBERLINHPLZXEEUERFBMAXWHAJZHPXCFVCZELTHBEUFSVACCPLLJIJQPPLCSI
unanimity,SQTTLBJQDLXIKGXWMPFGFXGOMEZRADJJZGFWCTFEWAYXQKGEPJBSAEEFIAAUKGLQQLDBERLINPRIYRCMXKRZANIZCLBAIPODN
conceit,MBRCPWHMGIPZKVMLJQJKGZLYTYFNHNHBHXULWOYHBDNSFBALGQTLBZGKYAXWRTXSYTTFVBFFTBOOKGZZFXRKYGRPVGWBERLIN
conceitedness,MBRCPWHJBIRTCLVPKMFESXPDAAMMTIVYUYIALMOJMUNKJGAVXMPTBOCUKWGUYKLCRHBTYRSGFAWCXJUGYKOIAADNVVUBERLIN
insconce,FQHCCNCJPISRDAMEQDUSFIGDXQUHMOXSDQNLWOYHBUVYKXCUYDPRFLNNVNEWAKNTMTAHSNFSBXDEZPUASJDUSZERMCUBERLIN
misconceive,CXHCCNCJPFRMKQMLJQJKUWTSATVTHGMUHUDQNNMJFZSKGYFWFDKZYHLFVSBRNDLKEFUBOPJXHSRXNTIFFTWUKPXRIGUBERLIN
preconceive,XFCCCNCJPFRAHIMLJQJKUWNQYTVTHGMUHDXINNMJFZSKYJAWFDKZYHLRDRBRNDLKEFDVKPJXHSRXNNPAFTWUKPXRTRJBERLIN
augeas,QJXWHBYLGZLVBERLINWJUBDTKSQHWXGOYSOEFFMYCWDMEEUTWFKJKXDMGPJMWXBTXBVCKMZNMBUCPPPDTROIIMVUHYVPCVYDO
swig,UCBCYAYINIYYZTPPYFONGGZCPVXGAQQEWTPJDTLLSUHHMYPCPBERLINVYAQKCGJRCOKHDNSWQXUZWKVCQLLMVITOQVHSYXANH
forepleasure,IRXCZUBPRIMOIBERLINZJDWWOQGHVRUKASCGAWMHQDJTZRVGTCDKYQSRBOPEYFRTWETTOMPUGNUUHJCVMLSXVISOJXMFTXIPD
