centimo,PJMTKBHVCHYCDVLSPRTWFXRBZXGOFPIVXAEYSSELOBBYFLOAZLTTJWXOGIIMXIXDXPPVSBERLINYZFCOAQYFKWYLSVGNQYKMJ
marduk,QQXBERLINWZBRUIXROIMAXAMESMDLISDFICUJNTGYGGJUFIJFNYWJGHQUJRSFRMKHVPHHTIPMFUQKVMBDZGRBYDYKHHOUFZXJ
peephole,CJHIYQMHLVCOIUZKNQVVTREDKYBLBBACDHNMTNHIQYQQMINBRIMTASINNIEPKRYYSEDMEANUABERLINABXWXVYQTMPUCMIPJO
weephole,IJHIYQMHWVCOIUZKZQVVTREDSYBLBBACJHNMTNHIKYQQMINBAIMTASINZIEPKRYYFEDMEANUGBERLINAHXWXVYQTXPUCMIPJE
buffoon,TYGNOJFFLSXYDYVKMJDMPBEOLTHHBHBPKORFCAAOKLOKXMCDEHBBPYWSSJKNUVHIVALHXPSAXPLFSBERLINAHAGGXSUYIMFMP
tale,BJHIYQMHJVCOIUZKMQVVTREDZYBLBBACCHNMTNHINYQQMINBKIMTASINMIEPKRYYOEDMEANUSBERLINAAXWXVYQTLPUCMIPJT
hale,XJHIYQMEMJGTRHNOVRYHYHCHIYBLBBASEBWLJFBQWCKFJYLFJIMTASIJQCIYFQVACMJDCQLZVBERLINTCMRWBUHCUDRRJYRQQ
gigaheriz,ZTTQJCTRORINBPEJCYYTROFOYJFJUUGWFOZQLKXZEXFYPGNRWTDIQAISNKMNZBKSVOVRDLNYWVRSOTOQVPPFIDSQBERLINTEA
pampered,CFZNSIQDLMQCNJRVNJAKBVGSKXNUFPCODDTVBHJEQXOXVDUTREPBERLINEVATVTXSAUVIYULATVOUDUPBQBYKWVKMZSGVDOFO
polyamide,CHZDYXKHXKWEVDRGVQRMGUKQUUKNMLMTTYCTEMZNJGAAHBERLINFSLSJIXFFEGGREWEJBMVFJSQVQRSPKXQTRLZZKZERDCJKP
corral,PHBQBCVAWVBQQBERLINXPMUNACHCRGGIZKOQZBGZTDTFNNFPUCHXGQAFULZMTYHZSUANXXZSPIJADJRYWCWKGNBHRZOWUBVDG
men,QBHXAWGROPZURYNDEBGBERLINSFMWEYTDZRMJKJEJBUSZWELFPVOTUHSPKNEXFVBYLNJVAUTMTRSSHMQKUCXTGHMKGVLPIGEQ
pot,CHMWEHTXKKIXFBFDCPMFLKRVTVWEMHOBERLINDWDVFYVQSMFCREQYXHTSLRCAVPRTSTUZDALXFBCJPPTVFZNUSGABYEWMNPXE
assuagements,OGVRUFQXTJXOBERLINTRHHQIVZJPRKCNWBBMWCJSJRYZYYYGWFKJKXLPSCKPNLTNYDMWUQYKPONGDAULUMFXIMVUHYPHYYFUR
meliorator,QMLOIUPBPUVOBPAEJRYXLBUQDMTEPGPBHBFDEBBTIUVFHMLFTGAGYRAUIXKAKMPEMDBZJPHVQTLPIPIOOTCALARDBERLINWOE
roget,EXQZYEBERLINTSBOPXTZPJIWAFHWEVUSKDQYZFJEKVBHSSINUHDKSOXTLPWMAKQINCKYKPLSWDKUJQPGYMLSQWYWVJGEOXJGE
gt,ZZQRPDTWENWQJCVBERLINWEMJQYBAEEOBCGAHUJUZRYLOLNZOFDBXVWGWDHSIRLKXHJUXMALCMUMFPARUAOZXQVSBFRUNOIZZ
rewardable,EMZOBSDIOMRRADMMRVKFPVJOCUSGNWNDODMOCHFDVTODXRECIEDKZUBERLINZVAWITBHVVOVYTDHVDLYDKBHYHFOSZGODTVBG
stricklands,SZUIWRNMJWVRIFPIDLTKCMONHFRHLZREVPFZQIJBJLAAMPNSLMCURPBERLINKJWPPNYQZVWYWKLDZJXBENPIRRSKITGRXPPVQ
infraorbital,WQDQKISSOIDQOYYZIFPQQWNNHSTVSPURXAQAQKLHJQRMBERLINHCORPEABFMJBORYPLJRPRTUFASIDAZVLXGFCWPHUYABEEZN
interdigital,WQMDSDMROIDQOYDIUAIIQWNNHSFFFXAVXAQAQKZTVIGGBERLINVZEVISABFMJBGLBXPERPRTUFIVUONQVLXGFCONQJHYBEEZN
football,KBWRBSMOQJUITQVEQKDCLCUMUSBSXHKTYFLNVYONZWFNVKGDIWAWCPEXOSGNVVDCUKUUTVZHXKQGWRNXEMCBERLINCCVOWGXK
healthily,XUDSYGBCBERLINGGQCIQRFQEXZPEIANACXFNOTCHAPYSJDOHLZIVSKXSSAIFKQRYYGFXAZNSHDGAWNBXXGQYNSWWTLDSIOTHC
aborsement,OXIAGHGMHLFPDPNGUUVYDEDQWAVZSCGJUFWGFLUCASBPZVOBERLINDVWLPYONYWZQFELOUJXOWECJCGMLIYPJKYLNEAEKSRJJ
