sawyer,IQHSSYAMFYPRCUSTXAMQELYXOANLCPHIANHZAJBERLINDHACXVOPCFOVPFBFYZAADGWNOOBAGFEMUWBEPTLQJYRBWJLAZOQTD
lalopathy,TMXFCGDBKGOINQGPMZAMUWOCBWAYELXHHMBLVHMLTYMCXZCWBUFYPTQQGMEWOIUMFRAMFTYZYDUXXBERLINBKRBALBSOCEWIG
vengeful,ZFZNWSHUTNLVYAWEKHODTOCWEJHSOZWVWSNTYALQAVXKGTNKSCXHVMJBERLINAKMUDBTSLEBWTVOFRIHUUOICHMIZWTWMNRPJ
visigoths,ZBERLINDPPRMCBLYDUEFGBZPBUOVUYWSWGFOLTOSFTRERIOKXCJRUKXHOPOLOGNFVFSDUZSGWKBGSDQPQOIEJIFSCTDZRVLCG
visigoths,ZBERLINFHBUYBYIFVGYBBFGELRUWRTGVJRFOLTOSFTRGFQZDWPHEAMIDKANZHNCGYHVKHGSGWKBGSDQOODCUICDJUVRUVKOLV
allopathy,HSKEZQLDQMOINNGTJLWHZJZUAVBERLINVUKGLYNLYTLZOJRLPOFYYTOBOXLRXCARRYSMFUAAIMLCVCEZNXZIAPYYRBJQCFUAN
isthmian,SLGXNUDYGZYNUDHGLLQZXGZZMTUBZNWMAOQSQSXPSAMADVBERLINNMNDJJDFLYQJYHPSLVBBOOCTERAVKKDIGGDGIQVWBYGTL
credentials,FVSKUNIXUNTAWDFIAIHCUYWZRZKNBERLINNMPBMEFQDBLUPHYPLDTADCPMYPJWDUVTBEBTPMIKAOIXNUCROOJUKXJRLNIPQLD
fllowheir,CSKUGETONMZJMKJUQYEXVYDYYTBERLINGEOQDYWMBGEFKPZAATAQMSTCGNZJYHVHRAAVASZOBXGXBYPKYNFDZWYOICFPCIPBW
verdi,ZFBVKTFYNHBERLINQKAXUVIIWGMAEZJGUEZGSXCIDXHRJZGVPALDNYOFQUVOLVSAPVQBHXYZMOLVNQHAXQLOQFHMQUQITENCS
prayerless,MVKNUMODVIFRIYDOOUGJMRZSOTLJEYLNDMMNUKBERLINANNYILJVGKXAHEXPRZZASCZTFDFKPMWKLOBZUKJSQRJTNPYDNOMLX
huskiest,AYLKUDEWHCTHMDISWSMWOKKGRUPNROSEBTUNXBERLINYEOBMBRHCAUOUXESOWWLOPOINOKIWOQHFDOFJOEMAZLDDVILDNHMNS
sweeties,IKUUSUYIVWIUCSDKIQFYBGURUFHAGNBZIHCCBUHIIFEDGJPXSKBERLINZZMCTYFPEFJBOMTUPBRAURPXPBPHRGUQWPEKVLPJK
cromwellian,FVQLLJYRWKZQOLYNFHGHPMRWPKGACDLIBDPMYNAOHTASXQASNNZWRZRCAXKOAHHJNKYYANXVZBRPPIHBERLINEMUYSKNPHKCB
ablegate,HIOCZDGFIUQULMMMRVKFKQCCSXVDWRZTULOOPIZDZREHIOHSZHPQCPBERLINVQKRFAXEKKEJMEWHJETYGWHMNMIYJYSZQFVBG
fluctuable,CSRABSDIOMZICFMMRVKFRDMACUSGNWLXAFMOCHFDQMAFXRECIEBHRWBERLINWDCZITBHVVPDTSDHVDLYBHDJYHFOSZENFSVBG
goppiper,BMRLIAYQIGEWXMDOSKHDWZUTYXVIYOSMYSLLWOYHBTNMKJWPZMJLTWIXMLXOGHFBTYFDQTTKQHPIDGPRDQEVJZNGDUNBERLIN
ostrea,JLKETLYIXLUTVCLOBJWUYRUXYBCESRFOVXPGAYRZXVLIEDBERLINKTCGRUJNBZGBSKYMNKTQYOGOBCCVECLFKVKOWAEOVPCQI
sink,ITXVEHHQWQCAGBAGASTXFTHFAKWRTNDUAAWUFEZIZUBGUVWQGJQODWCKQCZEESTCLUNIIXYDSKQBERLINWHNXHYYXLOJRCZVE
indefinable,SKAFYFKWJJNEGFOVVFWUOFULUAXZZBXOJJWGURPPQPEHMYHZTRQABERLINAYIFDQCBMYJKCMCTBOBCVZDKGGPTQPBEUKDYFNI
indivisible,SKABMFGIJJNEGFRFVZIUOFULUPHZFKXOJJWGLLPJFPEHMYHUQRAZBERLINPMIZYQCBMYJVZMVVBOBCVZSJGKUTQPBEUVKYZEI
indomitable,SKAMVFIWJJNEGFEJVRWUOFULUGMZHBXOJJWGRUPMQPEHMYHOXRCABERLINGVIRDQCBMYJSPMXTBOBCVZJQGYPTQPBEUSTYRNI
indubitable,SKAYSFIWJJNEGFUKVRWUOFULUWYZHBXOJJWGEOPMQPEHMYHIBRCABERLINWSIRDQCBMYJJGMXTBOBCVZKTGYPTQPBEUJHYRNI
wealthier,XBAXSJXRBYPKYJOLPKMNRHPXUWBOONMAEAOLHBFTNYYHKHYSUYOBERLINTAJPJHMYIUETLPDUVFAZYURLBWMOOWZNOXXNBQKB
bacchantes,GFECYORJCTYKIBERLINLVRWBXXUJEQRBTNSGQEPLPQNFTIUEYFJKFIPMPZRZRJNRCPZIKBSUDYPWFPDAPOILLLRBXVUPCGDJX
trochanter,LMICYORJCCSSNBERLINVKARBXXUJEZOHBNSGQEPVAKWFTIUEYLQSJIPMPZRTOVWRCPZIKGDRHYPWFPDFAENLLLRBXRZCGGDJX
endogen,DKDEIHHGXNSILYRMHKZFQFMSXRMPQINSGDNGGGNBUFIYBIUABERLINLEGALZVFCWJGKDWHTTGDLVKBDPIHMSEHZCOZTUFOEHZ
brickfields,GMOFDWXNFICPVUEJNBLEYDXZWVHERFEIJCXCPBWJUHJQMPZIGSCZXETRTPBCVRFRBBBWTGHZTKKWNVGBERLINKOHVOFSKMCUK
undeeded,KDBOCPSYFESXFUYKRGHMTLOZQBTBERLINSYGYIREQCIYQSCALGYXVRKUFPFFRCLZYYRMRRUVXYOLXXAUPGQLNYWTKVGOMOWOZ
unheeded,KDTOCPSYFEYXFUYKRGDMTLOZQBKBERLINSXGYIREQCEYQSCALGXXVRKUFPBFRCLZYYWMRRUVXYRLXXAUPGJLNYWTKVCOMOWOZ
unneeded,KDZOCPSYFEWXFUYKRGOMTLOZQBUBERLINSNGYIREQCSYQSCALGNXVRKUFPPFRCLZYYMMRRUVXYVLXXAUPGELNYWTKVTOMOWOZ
hyoid,AREZKZFUHLVWNFEJYICNZWRQYRBERLINLTDXEQUCLKLFLZFYXMSRDDRLPIWGUONLAWDQOUKMHSPFWPKCSRNPUQHPHNCHVXHRI
demisemiquavers,EMLTGDRZELTJSWWWZPEKYIEZZPNRMENDWCWCKXMCZNTWPSCJKZCNQIXNHOHAZVZVQBZXYUBERLINQLYJCNPBMVZNOGGOYPRFT
stratosphere,IZAOBERLINIHGNINKWMKLFARZOCFMVMHPTNCAURDPKCMGONVYQHMEYOYCAGIVWWYNSRMRJGLGLTLWSYDSUPAQKDWZSLGOKZAT
gunrunner,BBHJUNUINLUOWSNHZMEBERLINTKSRAYKQPIDKTBUJBPJLPZGFAMGDWXDPVWPJVHVYLETMICMSKEYDHVBDNCXTGHMXRDUZICUX
poulticing,MXTUBSDIOMBAFKMMRVKFDYUUCUSGNWKJDKMOCHFDPDDKXRECIELSTEBERLINSYFGITBHVVFYAQDHVDLYLSGTYHFOSZQEIQVBG
paraders,MKQIBOTFNODCNJRVNMJZPKEJJXKCKSYNXQRBQSYXPFKQXKOSPXNBERLINGOSZKYBVAYDPOHOUHNLAYAJLBPXYGSYQFVGVDOFO
pleaders,MJDIBOTFNUKCNJRVNBSZPKEJJHJCKSYNXDLBQSYXPYJQXKOSPHCBERLINPUSZKYBVWMDPOHOUTCLAYAJLXNXYGSYQYFGVDOFO
brazilian,GSXVUTBPHUDCHEPMAXQVSFATVPKKQRTDQEGRHBAVLYVNABWWMAPKXMYZAGYGQTQOJFVQAMBMKNOTQHTSRAGWOHBERLINCUCSE
freehearted,CFASFFACRNJWWKFNCWWCTMDMRHXBZDZQHDCEYURIQBERLINSZRIORXRPSFLNXDZOVEKBEWJNFTEMOSHMEMPUTHARAFFIIOAXG
cred,FFTALNPKNPIVIDCWEKGPPRESPXXCWAMUFUZCTBXFFBERLINTTEBVVOKOUVLQKJFZXLRZDANLDTRNSHTNDOPIVLTRDCFJLIPFB
inspectorship,SQREKRRGYGHIUVNXYSSLBJMKWVFWEUCTMSEEZQXTGNDBMRREAXVKRPVQQPKWBERLINDELFWUHTXFEYLMHMOHRGSYJEENBZGCB
gunroom,BERLINKPEEMSQGEJATNRZJURIKBRFMEXQUXDMCGMDUGVEIMHVNYLDOSJVPPABMCVOTFXMQWDKWFZLSXJVRYFNLKHQCOSDXAUJ
