isolated,UJHIYQMCLGTNSJGFHZBOCGQDFYBLBBATDOHSUHYRIASPWRYBGIMTASIHNSSLLVJHRJVRJNYUNBERLINYBIMFGWBJGBAMWRFJL
suable,TQEBWJEYIUCGQKLOLNEYUEMOCUSGNWFFLGAIDRVGTJMKWHRSKRYIRUBERLINMXNKTHCRSZGBIQCRFAYMYIDHYHFOSZSAVAEMH
ranunculi,CBXLSAFNOTZYXVRPIBEFGVOCFAJEZACMRVWQPHFIBQJVGDVLENYFQSOFRNULYSYWYRFISSGTNTBPKVEXKNGKZRBERLINZVRYL
belonging,YTKLCBQBERLINMZNLSJBYMNUVLFYAWIWTGWFVBNSTXFQHPDNGUSLFETQOMIXIHYKALXYFDVDLKRISPIFBPOCUJXRYWIIRFERY
ic,USRAQAMEHDGXBERLINXSXMJPJKUZNKGOYSOEGYUFIVKFFVLSWFKJKXEBJGVLGMCIQDVCKMZNNXXNCYNTOFRLIMVUHYWNFSBCU
fluctuable,XXUAGZBNIUMIMTLETNBNTGOAWSPDSWMOTIDXUPNDKMYNKWRSEPBHRWBERLINFYPZQWSMSZVDGXCAZAZCELWJJZCYNZFKCCHRZ
smog,TWEZFVHKKMRUAUJISPXPDJWOUCORMDPUNDEBVNOTAEVRXTOPVVIHLBEOYEPNMRNLNQFZLVOJYIBERLINLQIHHYENOFWJXTIEK
catagelophobia,RBFOYEMWNEWXCTPKVZFBPJZQSYDPBWPDTMWDROOPBPBNXTCWLCJMKJVHKLTOIFXPIQXFKOAJVYUCBERLINHQLPOZBZSUIYINP
catagelophobia,RBFOYEYOCNPXCTPKVZFMESAKSYDPBWPDHKGMAOOPBPBNXHLGZIJMKJVHKLHGOQTPIQXFKOAKTMPIBERLINHQREUAHZSUIYINP
wallpaper,GBXPHLGPRVUIDZLSGKJBUHDGEMBERLINMUPMOTMBCSUTZBZWZKJOXOPDGCJRBDVRYRXWJAWKEKUIPFHVMXCBLSFDFCIUCYYNJ
marron,MBHYGUZCNYSPWHSGNFRBERLINIJEIEYBUDAKAQYXVBPIISCBYCVKYGNBUUQNDXMZFKCTMNLYTTPRUFHSOFGDBGHDHCTJABWZJ
maxwell,MBGMUOKCLEOEXKRUBBNYRRIDDWHPYBKXYQUWTLHHUHCSMDZVLSJHHREXTEGPZHGFJFTKXIMVXZWLKGZEUJCFNLWOBERLINOMU
smutched,TWJSOGYQKOCETZOJYJYPAAIIUCDBERLINWNXNWQOPXKRUUWGVVQUDZZZYXECIOBMIAJZHGWKYIGMQBPGLAWTESKQRZRJUUAUK
wagnerite,GBXPHCMQRVUIDZCETKJBUHDOJCBERLINDKQMOTMBCXKUZBZWZKBDIOPDGCJNGRVRYRXWBFHKEKUIPTNGMXCBLSTIPCIUCYYEU
dobermans,KDZOCPSYFEWXFUYKRGOMTLOZQBUBERLINSNGYIREQCSYQSCALGNXVRKUFPPFRCLZYYMMRRUVXYVLXXAUPGELNYWTKVTOMOWOZ
ablegate,PAIUWOESZXGUKSAEWEBCPWVOQNCWPNKRMJWBITVKXNSALETPUSNDYLBERLINEFDGDYVODPTJRZFAFKFZJKRHAGYIVQAVLEHEZ
obelisk,OAHZIMQIUBERLINONEXCVVMCRQTBPDLMDVQIQKYSNGWGJHLMFEIRXMQLCHULKUXNRLQXLHCQWJAVNHGYPSDCZHBKHOFWYTREL
obelisk,OAHZIMKIUBERLINENEXCVVMCAQTBPDLMDYQIQKYSNGPGJHLMFEIAXMQLCHULSUXNRLQXLQCQWJAVNHNYPSDCZHBSHOFWYTREW
suable,TQMBRCESZXGUAMWXUJUCCVCOUSFDAWKRMJWBVJFGVXNAWDLPVNVWSUBERLINMXKKBACOJYLJYFIQJTFZJKRHHZMYQZQVWDREK
ablegate,PAPORWESZXGUKSUURPBCPWVOQNWAAEKRMJWBITDDYESALETPUSAQSCBERLINEFXWHQVODPTJRZKLJMFZJKRHAGJZKFAVLEHEZ
thermodynamics,SRCELVPNZHWGGVJNCMDHRSGDCFOBERLINBIGMNLAFUVPHUVDMFOQVXRQJKSZIPGAHPXKCBDHWSZNHQUALBQIZUTDRWLTSISBW
thermophoresis,SRCELVDAGQTVAVJNCMDHBQRJJUZBERLINBVRSZXJSUVPHUVDZKNKPAUQJKSZIPQUYCOCPBDHWSZNUBCGXLHIZUTDRWXMQUGLL
thermoplastics,SRCELVDTEIEGGVJNCMDHBLZEWFOBERLINBVXTQOAFUVPHUVDZWLUDXRQJKSZIPQMKTFKCBDHWSZNUOABOBQIZUTDRWXIMJQBW
thermos,SRCELVALTDHDLVJNCMDHOTMSKCCBERLINBNEWIBTJUVPHUVDVDDJGUOQJKSZIPLONZIWGBDHWSZNMMKPBOXIZUTDRWUYEEWOR
diversion,KKXGGDBERLINYFNZPTWTBHZNFVUJOBRDATCCMVMMBZJFZPNRLGMXHCDSKCOACHCSSMDHOJPLXMUZYOCTMNPFCNHPYGVLVYLZL
divulsion,KKXPWDBERLINMVNZPTWTBTCNFVUJOBLQATCCMVMBMZJFZPNRAWMXHCDSKZIACHCSSMKXOJPLXMUIFOCTMNPFZPHPYGVLVMRZL
intemperately,UVMRKZYQELSEPHRPCRRBNYYSDZRUQODGKFQECDAAYWLZOFGBXPCZBUSIYEBZCOFMOUZEJWELAKIGJUZUOFGMRCBABERLINGOP
betweentimes,YTKWCMJBERLINQZOEHQEFGONZJPEWFGUIZREQKQYTAXCCGUWBUXTVNAGTBEAVBLRXVVZGEUNKVWCXGLRYPOBKRQCDWNXKRWZT
rewardable,CTACNSOBIUPUJSBVAIOBINPCKLLDCNKKYLGCUPADHQWDPBRSEPAQYUBERLINWBIRKTPASZAJEKKMYPVXVWUMNDWYVUQUAELFZ
diversion,KKACXHBERLINYFYUHBWTBHZNFVTFJFRDATCCMVRHNPJFZPNRLGRQZGDSKCOACHMYLVDHOJPLXMTUGCCTMNPFCNWZGLVLVYLZL
divulsion,KKAZBHBERLINMVYUHBWTBTCNFVTFJFLQATCCMVRTPPJFZPNRAWRQZGDSKZIACHMYLVKXOJPLXMTEWCCTMNPFZPWZGLVLVMRZL
slouchily,TXXREGUFJIAAFNPKPLOFLGQEFDUMCDTIWXLWJCRCFGQDBJQMAONVBERLINLVPLMEJOTJIZQBYJUGKBVOALUKNKXTYKTZORFLL
level,NVIWZNAHRBERLINZIWMVKSQRFXHRURAVOKBMENJDTPIQOJCBSUFJERCGCDWOWSSGDWMPXUGKMVRRNCGMQKMNPUKSXCDIHKZEU
