theurgist,RGKIMEBICPMIEXLMCRIPDDITAARBERLINDDCLCBRIKYCOIDTYZYDMSJFTOAEYZPOHEFFIVMXZOWRASCBKOSBMOFVBDHJXXADF
seen,ZJIRFIGOAVANYHQLSVWBLQPPJYCPMPYKKHLSLFCSATUSOBERLINJLRDDCICLGQWNNGETXKEHWBFGRDHXXXUFCUIUOOVUOBUCU
barbarise,WQAFWWCMDZWCKMFUMQKQTWNNAALHPEOFGDBFIJRLMFLNBERLINEQPZGVVMZATZOTTUHJEVYQUFTXFMDERREYAZAZLPZAMEEZF
barbarize,WQAFWWCZDZWCKMFUZQKQTWNNAHLHPEOFGDIFIJRLMFLKBERLINEQDZGVVMZATSOTTUHJEVCQUFTXFMDMRREYAZAZXPZAMEEZF
communique,VVIZXFYMBRFOWTBXNZPUHKSZZRXJVSTHUTBERLINABUTHAPFMQUTIIXLNQMYDKWLODKLZOJKMXKQHGQEUTXBMQTBCBXCKXFHO
matriculation,GJIVKVMAYTSRBDMGPJUASQSBERLINFXSTEMKWMWBCOXGVOWEIFZFRSECILXMFWFDPETNZWJSOIGXQKPEKTGWHVBDUDHMWMYMA
felicia,NFMJWWLBERLINHYDCTZBZTLLAKHKKIVKSUCZFYHRFQQDPIRLJDYPVISMFKLADFDEYNADXIXBFKWYHUHVXEODPLMDJGKXCGOOF
xavier,AJEBUXFXSSSRTECLEAUUGWUAQXMKJAVIUESPHTQYZOBHVAZMEKWBERLINANDSZXTSCQBYIHKFIFMEZJXTFMULUEYHHUHTMQLW
toothpaste,RMNIYUJICMITXUJTBUYIHKEGBSEIMRBERLINELIEFTZQMJLCNEXPJSSWBJLVDKYOHIGJUKQWXEAYXGQPKKYXVPMODZRBRIQQQ
inroad,JTWNNYKXWJRABERLINOKPQDSOXXOEUCHMRGMOJKMUUXKDDJFGUQWTHNLPKGDEDNZYSAKRDWCONAIJJZPKJCLFOSPAKJZIYNCW
aggrieved,XSVUIOXCYANGYKOLNRRSNSERVXCVZIAQSSCNJYJKDQSDKNWULRTJTSHBERLINJWFKZJXTMPRVXNATKZYNCASCAKUMDKNAQPAR
fool,NHYZLNIZMPJEPJBNZMQEEMNZMBEWSBBQRJBSADSCTKBTAHJNYVZDURXFZGCMAMDLXLGXCAQSXDKIQSERMVEBERLINDYISDFCE
kookaburra,ODSOPGPEWEDYPGCGCRABBERLINDSIYGYFDGFYDTPOORGIVNHVAIIDAHCODEXNHHWDERDHIHWXARCTIXXIINKBFJXYTAWLTLIS
meerschaum,GTQLIOZXZRQSSQZISVGZQRGOAEIESBKSUHHUJYJHAXUFDBERLINDSJXJRAAHRDFMPZZWMIABWJLGENEEPOAXCELONFTDATQXV
truckage,RYQRUNKPCBILBQAIESYBWKNZMHHPRAIXYKZTWMVTFHKSEHRWNRXJKOWBERLINKDLXWJTTSRDZQLGDHRVKDPDIRYNDIRUEHEOW
truckle,RYQRUCYDFHRKLJJZQXWKFPOIGIMRWGAKSDCCVTKIZTLHJFHLFXMTLFNBERLINJFXRPYGGYDQBFFOZLGFUEABEAQUHZEKDKIJD
