memorialist,AJKUCDDSWWEMIGIDNWJBERLINCFSNLMGQGCSEUTHNXMRBCKFUALMPDSFWALPXXCPENWEEYMJHBWRZKGUNBFYGMGCUZCCYDLDO
memorialist,AJKUCFDODWEMIGIFNVPBERLINEFOSLMGQGCBEQLHNXMRBEKEBALMPDSHWSTPXXCPEUWDXYMJHBWPZZKUNBFYGQGBBZCCYDLFO
opinionatedness,QXXNYVXAPVXCNVMUSJYTHIPSOPHPLCRSESPDKNCTKQBERLINXEFBICPCJITQDOFCALJBVPBYFGTNPAZMNJILKZKNYBIPMPGEY
phobic,VGSYLPBERLINFOQYEFJROXUPYLVBSPUUFOPIGRXCBXWELRUWAGMNQNZCTMNIROJOSOYRSWTVEUPFBEIUBNRHSMSVDNLRZPPCO
parkers,VQDBSGPCUAIKKECSWWTVEPTNAJISCNRQIZMFWZPSVPWNTNZOGGBVIKHXOEPELVCOIVJFHNMHGARSXLEBERLINUNIWGFZKBQPI
edulcoration,HLHNAPLLMBERLINCRDRQYSAEOPBUGLSFEKUHSGBXYMZMJQICSJMBFIHVQRGZYUVEHRIJCFIVFCEOVXMDCDZQXVHGKNKAJQZLD
undermentioned,TBZZIJAOMBERLINAKTRCUYBIEQMYRPWBHWIHGBXVKGOSDXNDSACDJRTNPWBAFGSCNLETYLZVGBOTQDIYBSNPHGZNBSJUJQZLD
aquaplane,MAHJPGSSUJWAKMBPOWFGLZANEFBERLINKXRGCNUDFMNSCIJPOXSMPLGOHNPQWMFSRLEFFKKQOYGOVPEHIQHTYPMDSCIUCYYRN
gt,FWVRPDTWENWAHEVBERLINWXJMQYBAEEOBVECHUJUZRYLMIUZOFDBXVWKUFHSIRLKXHPNKMALCMUMFJOPUAOZXQVSUDPUNOIZZ
deprave,IJTJBYQEVTRKSHYVSTBYSUGHISOBERLINPRDSQKIHYPEYMZNSJKPNPSIZIRTSCTZENYGYKVLQMWANCUEWYQIZUTDRMPRQJIJZ
triphibious,UKMHMODFYFVPMSVZQWKNGUAVRDGTTNYRQUEOOOZQUBMJMHTMPEPLSECYBERLINGDRJZNKTONITZBIEMOUURMEWZETGZBBKUHJ
diversion,IFCWJHBERLINLXTCSBWTBHZNRBSKBFRDATCCABPYEPJFZPNRSZPBLGDSKCOAXKQJCVDHOJPLGTSCOCCTMNPFXOZGOLVLVYLZS
divulsion,IFCGKHBERLINABTCSBWTBTCNRBSKBFLQATCCABPMUPJFZPNRVCPBLGDSKZIAXKQJCVKXOJPLGTSZICCTMNPFHIZGOLVLVMRZS
samoyed,NMRPIRPNKJABTMSZLRKHSGSJSFPGFOYLEDIMDPBERLINGIHAQWTGICTLYARLSUMAFTXXKWGZOFHCVRAKNBINJYIOSTLSWIKFO
buncher,LTVZYAVJIASQFFMCUVLCJUEIBNBUJDHBAYZCRTBTZDGMGTDANEPHSDOVSORMZMVMYWFCJPEBZXTIBERLINGJYOSOWVKTOHUSI
frisbee,GXWDPZVBSJRXGKYOQWFFYOZRDPUAOWACMFSAFQWGZKSQFZKPSFIJDHNHWWQXRSSVUOYECFVKBERLINAXMZDHNLQTKRBXKJFHD
toothpowder,UQAMYEEPXPHTIVVFTYSXSYZLFZXULVWSLWUBEEFRGRAKYTFJTTNDYRIIYWHRDXWTFEDQQHOKDXBERLINQNMKGFAIOJVBCMZNC
undertook,TSYEIDEUBNVXCKVUYABIAMYMFXFPPCVJHVUGQSOUCAGVSHXDASQYAFUKWLLEBXQNTYPXUGHPQYBERLINXFYUZUHETUSNGDPFH
antares,MSBZFCLQHRKUIIWQOVNYCQWNCDUYFIBIZFEYVIFRZOEMZBWDELWLEOCKYOOGDJRBPJRBERLINDBAVBOJLSDCKCUDARGNDERYD
terracing,UHBIGLZRZMPDXBERLINVTTTCJJSQSAERJEPKBMHUXDZSMGWGUUEJSFDNOIOOZCDHZUIHTMOQITUQVERHSENZPOZZIZFZCQMGE
adulated,MIKSOGYQKUUVMHCSYNBGAQUJCRQBERLINGOCAFXUPRSEUBPHDHTUDZZZYHWQPQFBIDVCHKPRJAWMQBPGLWCIZUTDRYAKUBGVH
propounded,VXQLFRLDRXCIVZLBERLINTBIPHKGABPUMIIBXEBICDGMOZWHONMRDGDSUJBVYKYDHAVJDQEDMHLEGAKPKCUSPHXWMDXEOJKPQ
propounded,VXQGORLDRXCIMMLBERLINKRIPHKGABZHMIIBXEBEYDGMOZWHRFMRDGDSUFRVYKYDHAMCDQEDMHLASAKPKCUSZAXWMDXEOFNPQ
sown,NQYNWBQZMJEMNKNSLKXKXQHZIKOMHRRHGUZDYAOSWKJKZFRLZDKDONEEKRETUKXEPENYWXDRJBERLINTCNQDVNDIYACGGPORS
roughest,XQTZTLFUPBERLINTGMDMPUYVSFVDAZSAYXTEKMZZFCODVKJMJVKYWPFKBNRGYXVCMWFHGRGZRSZWJCDNHBELUNNYDGSYHHHKW
toughest,UQTZTLFUKBERLINTDMDMPUYVPFVDAZSAZXTEKMZZCCODVKJMGVKYWPFKONRGYXVCIWFHGRGZXSZWJCDNEBELUNNYAGSYHHHKQ
ablegate,MIYIZDGFIUXUHXMMRVKFTQSISXVDWRPTMWOOPIZDPRBQIOHSZHAQSCBERLINKQWAFAXEKKIJILWHJETYLWEXNMIYJYDZLMVBG
protuberance,VVFSOGYQKDPIDUIPHNHJUCWSGBSBERLINYGYZNTMIRFHCWOTHUJUDZZZYPOGURMORDYFYIOLQHCMQBPGLFLBLYDAGYGPCWIFM
protuberancy,VVFSOGYQKDPXDUIPHNHJUCWIGBSBERLINYGEZNTMIRFHCWOGHUJUDZZZYPOVURMORDYFYIOKQHCMQBPGLFLLLYDAGYGPCWIUM
acephalan,MHTORGVOHVRGZAGAYBJSSXMRZYJPFWZNNTGMDDXDVYTSFBOUHBFSGGPBXNXIVQTNGABWLJAKJSRLJBWXOXISSHBERLINQFDAT
kakapo,ZJIRFIGOAVANYHQLSVWBLQPPJYCPMPYKKHLSLFCSATUSOBERLINJLRDDCICLGQWNNGETXKEHWBFGRDHXXXUFCUIUOOVUOBUCU
shittah,NCNBDWYQXHDVUAAHNAVVBUVUFOUKHTJLRHDAPTXGYOMGUEHRPJXFIFSLBBRQCQYXAGDUVNFABERLINPTZRUOPHNYPGEDVKXFH
intriguers,DTTEXEWCQWGQXQXIFQRLJBQVRVAPMSMVDQWGVBRENQVQTYEDJJWBHCKFYEPOXBFPOCUBERLINHJEABMAWFFOQIGUOBFLIHRJK
gad,FJWBCQVSXWCSIHYXPRSCBUOJPYLDIBERLINNTFLGTCTAVCGHTIRWHSNEKJETKQOKJMQOIRGRDBQQXIWZIZWZVUWYYDOVVCWVB
cauterize,JJYNUUXHGXBERLINOCDQVWPVMFXYOLPTYGLDPODUZBHPEBAFTIWJXYWQCEWAXYQSSZARHVQJLIGKHAUMGVZEVNHHKPMPGMCWR
iowa,DMCZUAWMGIPZKWYZSFKBTRCKFTTMSPVXSBTLWOYHBEPHYKLZTVVIJROZQLSGNHASYTTFVCVQQKIGLILWQKNZQWCNHWSBERLIN
ixia,DZDLUHPMGIPZKYDZZEBBYBLNTEFJSDWJSIDLWOYHBJEHUZZZYPTBBBGWQXAONUGSYTTFVHTQGZWGIVZJFARWQTDEHTFBERLIN
euphonious,HYZCCNOQADSIFHQGYPSCBEPIGQFQKYTRVZVOWRUNFUWABPPRXUBWNVWGQLTORXRZFFPMJBBSYBERLINQIHGMTCGFFVMQWHKAN
memorialize,ACRZPDPARXTEJLCDFXQYMGMNGCOAWEMGHLPSTVBBNLKXYCNGZRLETUNFJBUWXLDAFFJFIVMCIFLBERLINRGSAMGPZNCYPHEDX
lycia,BMYRWTEUMNITBAGZAITJIKWECIPCUYEWLPCYTEQXNTBSGZFIYFXPKMPMADNWEKHPIXODXRWCHWRELAZJAKEDLFGENKRBERLIN
semiarboreal,NCNBDWYQXHDVUAAHNAVVBUVUFOUKHTJLRHDAPTXGYOMGUEHRPJXFIFSLBBRQCQYXAGDUVNFABERLINPTZRUOPHNYPGEDVKXFH
semiarid,NCNBDWUINHZXQLDNQWFFYOHYFOUKHTCFVHZCYHRMPUBPIUSBPJXFIFZFPBJVBTOPBPKEJPTHBERLINVZQRDAYXVATPRKJDJNH
georgic,FCJUYYDGVUIZGCGRTWJHBERLINKIBQPQGPLFSEHHUWHJKEAOBSHSNJRVVBGCKCQREDJFCUAVMEONUZCHWIIVVHJIUMNPQAPIS
alchemized,MPGXRGPMXIOKNTJDLGLDFSZGOHRIACKUNPEFYLOAKPLTVNRKSCNDBPTTVNPOSAUJBERLINCUHXBSFRBKNDLVXAAAQEQJXWIIS
euphemized,HZNXRGPMXIRVZTJDLGLDBYOGOHRIACVLZPEFYLOAVZWTVNRKSCISHPTTVNPOYPRJBERLINOLQXBSFRBKISWVXAAAQEJFTWIIS
systemized,NMJBRGPMXISIVHJDLGLDGUYWOHRIACRDVGEFYLOARMQHVNRKSCQZEGTTVNPOAVXKBERLINDDLBBSFRBKQZQSXAAAQEUORAIIS
let,BBGDNJKXXLUTLTJNBWEBDUIFXGOSRSVXLBXIKTAIHOBZVPZFSOIMNYXDYJUKUONVYJOYIQMWSKDVBERLINCWXEEWASDUXCAMP
accomplishment,MDSJZURRVQZZCGGYYKDJULASXQJNJPXSPWDBERLINCNBLIPIKPGVTZVLWMDPUQSXMBXTKBHVHSQTITGURZFZYISDMEDLQSGIY
extinguishment,HUESXEWRVQZZCGCGAJCSLLASXQJNFHPVYGSBERLINCINVOYOVPGVTZVLNPINQDYXMBXTKBDANVNQETGURZFZXKEKLRSLQSGIY
impoverishment,DRFJUGLRVQZZCGONBKSBELASXQJNBQTSZIKBERLINCEZWIZAJPGVTZVLICJPLFVXMBXTKBSGQSJVOTGURZFZQSFDHPKLQSGIY
relinguishment,XBXSXEWRVQZZCGNKQJCSLLASXQJNVRJVYGSBERLINCZSCOYOVPGVTZVLPJYNQDYXMBXTKBQQSVNQETGURZFZBGXKLRSLQSGIY
relinquishment,XBXSXTWRVQZZCGNKQJCZLLASXQJNVRJVYSSBERLINCZSCOYXVPGVTZVLPJYNQPYXMBXTKBQQSVNGETGURZFZBGXKLQSLQSGIY
gore,FHBZRMYFQPOITQVEQRRBNJCBHAGFZWUBESVGTDYTVADGMICWNUUDOSHDEEIVEZRYKATFCMJUDSOEJGPOEONBERLINDKUATRHN
puffery,VXUBSPIVPCYYSWVADNNSHPAVPOMQMCBALTVUGZRLHEWVSADWHXQEAYNRSWMVTDZDMXPIYCJYXABERLINERARSPUYZNXFRUJMZ
stomal,NIQXPBPKWEBERLINNQLNFOCZODKDCLRAKPGAYZTPPHZLUYPASMNCMITKUHOGANYJDSRZHIFSVEAIHBBCNCRBXPSYVNUYOWLDS
eyelid,HLHUEIAHRBERLINEOVLLESAEOPBWLPVCQKUHSGBKSTIIZQICSJMDJRTNPRGZYUVGMGOGMFIVFCEAKDBAMDZQXVHITOJTZQZLD
adulated,MXQSOGYQKTIVMHCSYYYGAQUJCDHBERLINVZCAFXUPDKEUBPHDWXUDZZZYWLQPQFBINJCHKPRJJLMQBPGLSPIZUTDRERKUBGVH
midland,ANRPREADDXXDKIKRXMGCAQGDMFQJUXWCDSBERLINLDZDHBEPZCCSQPIZJIZMSNCQKMXQWYRWTYPNNOVBACRNDWCRNVLPACOZR
tubular,UGJXZWTJFSXMVTBERLINLAPBUPEQMWFQCZYMWUSTPNKPXTIAJPAKKZUXOFGFWTHTRUZOMJYSIOTXTUEOPZKRSLZILHTCELUOH
piloting,VYQFYWMFNDQWETSGWGYDSLAZCJDELGOPHXRNYKLTQMCDMRLNAFVVFGCDSRLKKTYKBZUDAJKBERLINOIVLFZMOAMXVGPDJVSOO
priapism,VJSZCYJANBERLINBAJDGMLQTXDLQMGYGQLHLPDNOZLEBPJDNMKXTYNRJSIPGACKUBWFHGRGPUTZMOOYRSSSRSAIBYSJBLSBSD
storyline,NGKJSPBSEGAZVPBERLINLOXIWHXVLWLHYSEGKOOMPYEVODBCUZVSWNTOTIKHLBVAAPEIYYKDYFORAPNDCWQTBQHVBZKEITWPR
irreverential,DJTDEMLPZTMBEKCDJHLJLGZDCFDVFSEXDIXXYSBERLINONKTGRYNWHHBXJBYQLXSWFIFXJKCFJXMIATSBZZWBEFEEFDIINDCD
palmate,VCQZRJBCKOHKLDWLMYFQZXOLXURBERLINDOLPYWSSLHIAWGYSFBIUZFSSBLGZWMWIQIGGVLFSJRZFFGHSLJIZUTDRZABLXFAL
undiplomatic,TWEZFVHKKMRUAUJISPXPDJWOUCORMDPUNDEBVNOTAEVRXTOPVVIHLBEOYEPNMRNLNQFZLVOJYIBERLINLQIHHYENOFWJXTIEK
malicorium,ACTABFFWFTXOGPENBOBERLINAWHCYGDKCZLQMRHUMUDFXAGLVWATOHRFBKWMWLSEGSJDOFVFSNCPOWNGSLGJYQHGGEDCJWICQ
sorption,NEQPKSBERLINGAIWPIYDYGRADWHOSQWSQCZSYOTFTWKBJRCOEDXMOMOJPDLLXGMZJSJSCNCMLPLIIRCTMNPFQHDRYXRWJRNGI
exigence,HLTGNRCHCCOGFAJGWGYDSGICDOQDDAWHTWDENTDTQJEKNSZPSPVVHARNXJRRLBNYXXSKBNDBERLINRWSMRCLXRDCFFFYAKZOO
compeer,JDNFXCVJIASQFTJNBWEFUWNQAWXRFUSECDPIZWOCQMLBTEYPUMSCEQZBKCJKVJSTTVAABJDHVEKLBERLINGBKINSLZOSGNQDO
compensator,JDNFXRLMJQBVMGVGAQINLOIAMOXCINQCNFZSRTIHXIUFGCUEEBOQDKCKTVOMHUKCTGRGRHBKBAAWBERLINOPYJSBNOHFAMLHF
isolantite,DCJWBNIPPDRXWVNEOTZDYGAWCBERLINAUVNXGVEBUUVYXHJWGPDWIACTOZHLXGXIILGYQHONMJEAKMJKCLZSYRLNTLGYKJWRL
equaler,HUKJKMLRHIDXLFINJPETLWNTCDTXFWFKDLKLWJBERLINEITFJPOLIXTJZCXSVBYTTSCQHGDJYKRXOGZDMUQAXKKDNBKLFRXHD
rhetor,XISBERLINVEZYOOTPQRIPNAWITKELRAZSNNFJEKGSJZJLBIALSTPHZHLUHGEFVHRMEJPTOGQVAPQKVMBDXZMCFKBYPKYLAZPQ
stoniness,NZOPEEQNYMFLHXSRNRAPZGWMSNGTLCTSMQSMFDDMKBIUIIKNEFSIIJHGTCMLGOCANBXQDHGRALWNYRCYNITFJNLOGHBERLINI
interlocution,DDOREZIJGNLPKGSBGVBHDEBUYMJSLPUQMBSQPBFBBFIKPSAIIFQSVIYUBERLINIBTWHLTGYYPJDCRROHEVNITZHYJRDKGOCWU
interlocutory,DDOREZIJGNRALGSBGVBHDEBOSCJSLPUQMBSQGFPBBFIKPSAIIVXWVIYUBERLINZFUWHLTGYYPJDNOMOHEVNITZHYKORKGOCWU
beau,LMMOXCESZXGUEDMMRVKFKJTYBTFATWKRMJWBKBAAYTXDHTFKCLVQPUBERLINVJUQHGHBAVFGIDILGTFZJKRHMLGVKOZZHTVBG
scrimmaging,NQYNWBQZMJEMNKNSLKXKXQHZIKOMHRRHGUZDYAOSWKJKZFRLZDKDONEEKRETUKXEPENYWXDRJBERLINTCNQDVNDIYACGGPORS
phagocyte,VLFOOJRFXOTPFJJQVWZLCJRFZROQDOLDLCFIHGSDKOCGVLBERLINAYFNREAKVNNDEIKHIUSWQCCLQEYOIAMVNWEXUSXTWTNMT
homocentric,EKRPWGTLSVODHAZXXJWHNVYFXFTZNBERLINNPHBPSJDTBHSDBNTNDUEFTFEGNFPBALRSWSILTNIOFONVNTLXVODYQGBWGBINQ
inheritrix,DFOFZCPXUCYPGTXZTAXPLGKCLDCESMLPWHGCJVRGQDFMPAKLLPFJBEGTOPRGCFPYXAHBBPTJBERLINANEYHBBUIJTJRVQBTWJ
patched,VXELIGDGWTCMVTUSVQHQYBMJCLKGURBZELSMDWKLGPZDXEBPFFJBYQTWRZRZRFIDMHFXFTAVNHXRBJHOFVUIEHIBERLINUBFF
stipendiary,NRVHZEFDPXCKPIVPAMBKQTBBWSBBERLINZZCLTLEKEZRJFZUDBLFCOMYOIOQIRLSXFSIHGBJTROESHMQLQIXQPDCWJJFWMIAN
examinator,HATJVUSDWKTGXZWHLWFVZBTSMBPBERLINBGVWJXQHEFBJTPYBIBRBFKEOHZTLPDJKTCWDXTWELWAWJLBKBEACCSEPLATQLCWC
hugo,EDBPRODQVHISIDFCVXIXBERLINYWAUUYFSLNSTHUWXGXMFSIBSHSNJPTUCOLZFQBEPJNEVSTDFTPUZCHWILTUIBWQUNDQKPVB
abbess,MSWCHHJLEBBDJWLFHZKIHULKBERLINEEWDXMVROQZGNTBBMBINYDGDPRRYVYENZYYYBUESGFREHLPHXUITMPYEWPATZACQVKC
semisynthetic,NPGOEZQUUWWAMVJHQYKUXLYNVODFICKQCLEIGUJNRXSQORRJOZEVHYWRHXKAQUKXZYTBERLINMLYLGBABUCGIOBZTYMUORJWH
diversion,IIWXYHBERLINLRMDMBWTBHZNREQRQFRDATCCAELPWPJFZPNRSYLCPGDSKCOAXPBLUVDHOJPLGAQDLCCTMNPFXBGHLLVLVYLZS
divulsion,IIWHFHBERLINAEMDMBWTBTCNREQRQFLQATCCAELNAPJFZPNRVFLCPGDSKZIAXPBLUVKXOJPLGAQKRCCTMNPFHMGHLLVLVMRZS
conture,JZKTLNAMRYBERLINGWAPODPWFUFZCPHMTFEDFACMSXLWEPUGSQMTGEHUZCUKMAJLHZFOVHAVTMUNJSHRNYZHKTKXDCJBZHVRQ
couture,JZXTLNAMRKBERLINEWAPODPUFUFZCPFMTFEDFOCMSXLWCPUGSQMYGEHUZCNKMAJLHWFOVHAVYMUNJSHZNYZHKTXXDCJBZFVRQ
pampases,VWWLDQDWWYBBUVCTBKGPPREIGCLNJBZMJQMUDQXNCBERLINGHVRSISAYZUDSSYFSULRZDANKQIQPZIEJHTVRYPTBACFJLIPUM
watertight,YWEICVSRMLCWPHRZQUCPIKDZHWJPFBGOVLNZWFPEFQGBCIAXPZVBERLINRQXUXRQUUVJOCZHMVAVQSBSROQXPTBLNXURSBOIS
sojourn,NZOPEEQNYMFLHXSRNRAPZGWMSNGTLCTSMQSMFDDMKBIUIIKNEFSIIJHGTCMLGOCANBXQDHGRALWNYRCYNITFJNLOGHBERLINI
formulism,GZXYERUUIXICRXKXPJUVAABSRDRDAOARCGXOVFODIZJNTRSQZBFQOFURBERLINYPLXPYXJOJELUHKVVHSKPYBOUYYZQCUUKFS
formulism,GZXYERUUOUAJOABXBGAJBJSPXHLGJHQXKTEBUMDHDZEVMAOELBWQEZXRBERLINYPAUUCYZGJJHABROQEPTNOLHBZNJAFQROJR
ated,MKHSOGYQKSCVMHCSYTVGAQUJCFBBERLINXNCAFXUPFQEUBPHDZMUDZZZYZEQPQFBIUDCHKPRJMEMQBPGLBWIZUTDRGUKUBGVH
commanding,JZAQOFWCRLSSFGCIOSBYTRNOHFRHLZEEBBQDXSRYKVTBXPHUUQTTIIBERLINDJCBETSEDJAAQRWDQOYDSYLRRRSKITWRDBEAX
freestanding,GPHRSRKODIVXMTOWCLQVPLMDCTKMTBGWJEBJVQCTPWIAUAOWYSYXRPBERLINAQJIFNCANHWZKMNMXJHTOMJSVNOTYGZGMEZGV
longstanding,BZSZSRKODIVXGKWUCLQVPLMDTKMJTBGWJEBJLJRYPWIAUAOWWYQVRPBERLINYJBGFNCANHWZUHEJXJHTOMJSLIWYYGZGMEZGL
notwithstanding,SZUIWRNMJWVRIFPIDLTKCMONHFRHLZREVPFZQIJBJLAAMPNSLMCURPBERLINKJWPPNYQZVWYWKLDZJXBENPIRRSKITGRXPPVQ
prelanding,VPHUOFWCRLFDNHCIOSBYDOKSHFRHLZLIICQDXSRYSKECXPHUUQDBVJBERLINJQJCETSEDJGERYWDQOYDFSXYRRSKITPOLCEAX
upstanding,TRNBOFWCRLQBXRCIOSBYMPONHFRHLZZGQVQDXSRYHXJVXPHUUQMSRPBERLINXMUVETSEDJUCSIWDQOYDQTPIRRSKITEPVVEAX
overrun,QBHXYOFQGYMXBQQLPCIBERLINRQLJNRWGSNNWMLGJBUSZWSZEVTTWXUXTAEFKFVBYLNETSHFLWTGXIZFRWCXTGHMUUUDEHSHR
nonmoral,SBZYACGPHHQMQDQIJFACCJSZWQNTGWYXASTOCBCTLQOAWTHWXAPLFUDBJAVJOJWLPPUOJVHDTKVHVTHVOJBERLINIUSVWTXOY
sextuple,NYQGOLSHFUGMYYBERLINRPOBSHEXKUHOODSQANNKZBYABGGPJJETUNNXPRLRPXJYRDHOXHYSIOTXHLGOHDKOHIRKGZBEUIBRD
calabash,JSRHTWPCNSXIMNJYLWSKCDPATFHHBERLINOVKIPLRMANQMTPPZAHDTSULMUAODQZDUJIEDGPFGWOGEBCIHDWXOOZQGDNUGQMP
iowa,DBUHUSSGOKGTXNYZSFKBZVHZZCFYLPWDSUGIYHPTJVKHJKQFWBFXMPGWOQQWDFKNTGNYAALENDAWDIACCKMBIIQPNUYBERLIN
eridani,HFPECUYNSTPTDKGIQANCPDCESMNBERLINMBGLXPXLDGZLZEOYRUUENUQXEKZAYFAUNTLSFADBUBHJXLBHHBIZUTDRADTOQMZY
pivotal,VXUGSHKCGWXASSNLCKEJELVDBAYYLESKDNNMZWOUJMBZCKFCUQBRDMVGLCMZOXXOMIEOHMEGKYBERLINJRMFNGCXTNACEQWDC
acardiac,MTBZOUSUKDPIMVGAYBJSAYZLCJYRECUJNYGYAQYVPJHTUJAIDPFHDAPKYPOGPYJCIZTYHBAYJVOEQJAHLFLBZPBERLINUJLWH
enlace,HQMJORSBERLINSUPYJLQIRRWTWMJWLXKVMMBSJFUKJHCCGUWBAQYGUTVAVAERISSXRATQTFJFFIYQVARYPOBKGJARZJAPINPC
piggery,VXUASPIVPCRYSWVADMNSHPAVYOMQMCBSLTVUGZKLHEWVSSDWHXQESYNRSWMUTDZDMXYIYCJYXSBERLINDRARSPURZNXFRUIMZ
pragmatical,VFKWVSLDCHGAIVFTILFAGINAXKDNLCEYBERLINVUCBNQIBEQYQOBKPFTBOLSOJJTKNYVOYRDSQAHJLPXKLDPQCKGTYWYXKHEK
bimolecular,LXOEPGSUFRZSBGNLINAVGKBOUKNFWUEMXIRYFMSFQVJJNOFLUUHFQKHAWTLLZHPVKZPHOTNLHDPUBERLINPXCUFELVCULTZOR
thaumaturge,UZJUYFGSBJKAZVZXVRCPZLAMFHRDJQBYEVVQLERULIBERLINTHNLUNKKSWLVKRCHTBFUQFSNMRMIIJJHXWJZJBYKTFWIMAXBV
roasting,XBJMKCFHRBBJRHUWUPJRGYUETBQNFPHMYXALKEJMCQVWJTGBERLINZEJUXOBCYFPDLVQIYKTZMZKGAUDWJZRQLHTYIQQTBZGA
needer,SYFJPZTFGKPZCKLSWSHIWXZCWHSMCGNASMGFXXSUXHFGEFAAXRJOBERLINOWQSQBDWYETTAQTQCYMQOOTYLMJAFDVIGYEFLIY
luthers,BMNFZFAWJTFPSIVEQVLFHQEOWMLLIUBRPQBEVOPQTVTQOSNUJOLRUTHCUEBCWQKVFVABERLINLCENLNPHZGRWATVFMUCGUDTI
kaiserdom,ZTTQMXLNQVBOUQFRGGACYCZZQCOVNFRMXUBSKJTBZVIKRQUPJTWCHXPWPQEVPDCMPBNFYJHWVMJRYMHRSNUQLVYTBERLINSKQ
pretors,VDTFGIZIUREIVIZREUFOEFOOIKKDAJVZJQVFPSZZCLMQWAREKYWBERLINNUCBHLOXPZFFDJHAEIWEDAEQHWNCWVTMMUUZTYGA
moth,AROVXGOELQBVZDZWUJGIMMACISCXMFPDWDVPJNFPIBERLINQHWGGYBYGJEYZUOGHOEPDBXFLQTLNJTTOZVZMBZIJOHWOYTKSQ
moth,ARTDVVSSLQBVZDZWUIRGRNYCISCXMFPDVXQFLHFPIBERLINNYUVHWBYGJEYZUOFYPQTOBXFLQTLNJPMPBWQMBZIJOHWORMXIU
mohur,ARNWIDFGGFWDRYZVPQBSZODWJZBERLINZYZCEFQTMGZYOOGAWOSCNGIIPIWGUORIVBDFTJROVVLMXBZVSCYSCMHPHNCHTVPFI
mohur,ARNVOTFGGFWDRRIJPQBSZODVSNBERLINZRIPEFQTMGZRUZGAWOSCNFOCPIWGUORHFYDFTJROVUAFXBZVSCYOZFHPHNCHTUNSI
irtish,DOULFIPYBTFRGPKASVGOMYBERLINMPMWRVVHYRIVATEPSJJCYTZSLRKADWHZXCPCNGRRZBJVBWMPRDTUZSKQQDUEOOFMSJKLS
shtick,NMJBRGPMXISIVHJDLGLDGUYWOHRIACRDVGEFYLOARMQHVNRKSCQZEGTTVNPOAVXKBERLINDDLBBSFRBKQZQSXAAAQEUORAIIS
