discontented,GFECYORJCTYKIBERLINLVRWBXXUJEQRBTNSGQEPLPQNFTIUEYFJKFIPMPZRZRJNRCPZIKBSUDYPWFPDAPOILLLRBXVUPCGDJX
triclinium,NKYMWALODIBJFHKLHJTJFYHAWXMHZMUHCJOIWSEPTFBWGYMZQBLITZJDHENWBYOZPAQIYLAKSDWXDYJUMBERLINUEVQQIBTAK
brownie,IKFTVFSBERLININCUHAFPTDMMFTDFCBWCDOUHMHGUOLJOUZRFNZTHWXMXSFHNBVPQIZOEKYDJVUXNHLTSIGJASLLSOHSRUSDO
kamala,WQAFWWCMDZWCKMFUMQKQTWNNAALHPEOFGDBFIJRLMFLNBERLINEQPZGVVMZATZOTTUHJEVYQUFTXFMDERREYAZAZLPZAMEEZF
kamala,WQAFWWCZDZWCKMFUZQKQTWNNAHLHPEOFGDIFIJRLMFLKBERLINEQDZGVVMZATSOTTUHJEVCQUFTXFMDMRREYAZAZXPZAMEEZF
complaisant,HVAWNAUQEISKVGRILCWSXWKIPJMOXBERLINENYVPOMALQHSUUCROXMSNPHNGUCWLPHOMEHWHKIUHUCGOKHEATERSWCHLCYSVZ
yersin,UJNDHRPJTRKGHDEAMFKFTUCTFYGFQIMEWNDKPBKVNQXDMCLYGIWZNGKUSQYEZJHCOPHBERLINBJVPVTCUPHSULSELUZZMCRDL
addible,JLDBSGPCWNVRDIQKTGEERUZDRBVLDQWKHAGLCGTHDPHFNTETOZDLOXQLRLCNDEBSACZIAPERCVCEIEBBERLINWOVXWJDQIDDT
audible,JSDBSGPCFNVRDIQITGEERUHDRBVLDCWKHAGLXGTHDPHRNTETOZZLOXQLRSCNDEBSVCZIAPEJCVCEIEWBERLINFOVXWJDCIDDT
chelone,HCBLBRSPLMWNADIDVDVVTMVWWTQZDQUJNYGYRBVBIXJZMXGGTGCFRRUSXBOOSBJLSAXSPVCODXERLSTQOKCSXHBERLINITECK
sorriest,LMMOXCESZXGUEDMMRVKFKJTYBTFATWKRMJWBKBAAYTXDHTFKCLVQPUBERLINVJUQHGHBAVFGIDILGTFZJKRHMLGVKOZZHTVBG
acephalon,JHTOZGVAFVRGWAGAYBJSTXMRWTJPDWZNLTIMBDXDQYTBDBOUFBFSGGPBVNXIQVTNEABWIJCKHSRLHBWKPXISTHBERLINMFDAY
archdeacon,JVSFPCSUKDPILADOKMMHBKWFTXYNHIUXIADMBDTFRBFLNTAIDPFHCMKXKGAUTKHTDATQLHADFRYRUSCTITIUWLBERLINQRHUF
agar,JDSEWBCNNFWSNBERLINVPDNJAVKGPVXHFTANBSKJMWLQLXRHBCDKYQSXUOZTTHHPTSAMDJRRHYPWFPDFDHEZKISOJXMCLXEVF
impolicy,BOCIGTAMDIRKCSBBCBWMMJLGZLPLNMVGPAEGXTWWDJUJSTZEKTGTMJTWFBPXQFEDVZEHZVZXSWSRYZBERLINJGPFBLVOSTCNT
roughcast,VMLPJFCHUYZFGABZMXZMHHFBAPYLOHMRCHBJHHEBERLINHPQYBAXPPFQSCMVTUJASXROAKYXQDHIOADAFTGOQHPPLAXOYYTHF
gluteal,DSHBZYMZCESIFTVERUIJIDIDPJKTPEPEZDUTXXZSXATVPHPRLCLSPNSBERLINFTXKLPBRFNBKEULBLNDGWLYGECYDRBWPJQKO
alimentative,JSMJZBJJXSSUWEBHEKNWIIDWVMRABIJKLGOEOQFPRWQHHMMDFBTOVGGZPABERLINSLZFVZUJPJWLUZDXAJCUKEMDMXZSVMQEJ
tenpin,NFHZRWRFCMANIYTPAQZBERLINTFATIJJBHWPBKYXFBQDZXOLKHKQFNYSHNIWDFVBYLNHVVYBSJZUYZDQFBOXPLHNQGDYATUCB
vicinal,RBERLINRGZUGMRRLKFTMMBLFVJTXWNXKYJKKWIQYKIYSVKUCMPTRKGOOEABIIVPIYHVKHGUFHKNWOVZCTFNOEGEUDOYLEECPE
obi,MEYEQFBTLBEQHIONPFDNAORWBRFQBERLINBSAPRJIXKVHSBZZUTMERHQENTADNKANFCASYXNGZRAKPOATMWDLXDHXLNYPLJZI
moreen,OHBERLINBMYCZVUEGFFMHFIPUQYEFIGSHJEJHMIDWFWVRQWZRLUJXNQDWIBENMJPBIGMZVSTQJGABKPBUJAFHGBPZLARNDINM
obi,MENAVZBTLBEQHSRUJFDNAORWZWHABERLINBWPOHJIXKVHSZURBTMERHQEDKCWNKANFCAWXKSGZRAKPOXKQDDLXDHXLDXOTJZI
superacid,LXOEPGSUFRZSBGNLINAVGKBOUKNFWUEMXIRYFMSFQVJJNOFLUUHFQKHAWTLLZHPVKZPHOTNLHDPUBERLINPXCUFELVCULTZOR
guffs,DXGSRADEFAZBERLINLBLLCJHANHXAXZVSCSCGLZFMSFOTTJYMNYQOLTTFSDKMSPZAIMTANTYJOPIVSXLBAFORETKHTRMDGQSU
pact,QFJNTRDKSZWFREZBERLINRQKHFALCEKBSQUVFBDXZJMRTERQJFXAVSTLEVKHETUADUCFTSITMTGONVENWREOBMQFDDJYAIFSN
topaz,NFJEVHXUOOITHMWGWHQBCOSPJAIGZGBERLINCRKFOHNWTOGGJUOTVKQXNWAJYFXENWCDJDUQOFWZPIRMLENBCBEJZOVABSIVU
slipway,LKTOHCJEHBERLINFMMTBELQXESSBEGMCRBVOVKEURRNVFBVTGDSBGOBQRZRNFJKZPWFHGRGASSNGXOYUNYUIZAOTCWXVDVKVF
artfully,JJIENUPUISGXQESXRAWPXGCMEFWGXEIQMFWDESZWJIQPCORTFXCWRNETKIFZLYGCTUHEJWKNIUFBERLINBFQFOYIKRZRZYHXR
diversion,GYCWDHBERLINIHTCKBWTBHZNZXSKYFRDATCCOXPYOPJFZPNRTIPBEGDSKCOAVJQJPVDHOJPLEQSCZCCTMNPFVUZGZLVLVYLZT
divulsion,GYCGQHBERLINOXTCKBWTBTCNZXSKYFLQATCCOXPMIPJFZPNRQZPBEGDSKZIAVJQJPVKXOJPLEQSZCCCTMNPFFOZGZLVLVMRZT
rabbit,VVBERLINUXRPZQGRUXZVOVWGGBYGAOTHHJEJHMYJVSWQNDOEHUFKSPFXWLPRDKJPBIGMFYOXQHOWJFJFFKIVSRBOQAXCNDINM
yersin,UMIDHRPJTPVGHDEAMHVFTUCTFTCFQIMEWUSKPBKVNVQDMCLYGLNZNGKUSVXEZJHCOODBERLINDFVPVTCUODSULSELWUZMCRDL
oliguresis,MFQPMZVHJPZIEHNOVRYLDJEPNHMFTBLXCHNMTNHIPXKBBQWBKVBHPZCXVVLXSJYUZWQGAAPDSBERLINALQPFFAXTLDENHBWUB
zoology,XXJDDTLPKTZFIJRCYJXUIZANWDYRVKPSNHXOFEXXUGYRKUICGPQEPXPOBWGXBERLINKZEYUTJTGKYGIJOSLBDQJRRPKVKAGZS
cagliostro,HVCPGENJYRASHVRGXXZXDXEUBTTLUDWKTJOICUIQHXQTFGHLICSDYJXKOVPUEQEQBQCAHHOUBTTREAZBERLINIOMYSJCQYRGV
ruminant,VBTOCCSJYEXXBSWHPABHKXOBVHMSPBGPJFYOVMWUVDISBERLINWYVKQRDOFERQOAVTWVVFUXQKRLXTACNGFLIGMMYJARHFWHR
untroubled,YDMVEMOBXVUQKKBERLINXIBBSNBTEOHYDQQOABOMJCLZYWFTBMLFJFBDPFAGGGKDMTDBRWXILQHHWLPBOIKOSGKNWATWPUZQB
planer,QFVWNGDBKGONQXAGXOWFNBICBWAYEUZMBYHWFBJYHYMCXZCRCZSFCDDHEPUWOIUMFOBVSHBOMTNCBBERLINFROYLWHVZAVAIG
dissembler,GMOFDRRPEPOQREEZUSFJPLPQVNFKRAFRQMNWSGWJUHJQMAYZFQOJPRTDSRPHWBLVAOSFTBIEBCUEVRGBERLINTBXUNBWOBCTY
dissever,GMOFDWXNFICPVUEJNBLEYDXZWVHERFEIJCXCPBWJUHJQMPZIGSCZXETRTPBCVRFRBBBWTGHZTKKWNVGBERLINKOHVOFSKMCUK
moo,OYSZOQHNNFBERLINMKRNDNWFNCWTATGQFTINGMKTPHZLUYYGJMLWSYMZMBPKNSHLFMFMDJFSVEAIGHMCLWIUFYPVQSAILXNVL
steeliness,LPKSLOXFJWAFBERLINELCALSMQQDTYZUSERTWEWIYISEAKZSKJJEKVLDIHKXOABXXPVEAREAPONGDAYAJECIEGKYLTNJEOOAR
volaille,RYQRUWJFJQEZYXSOTHSDLGZRATFOTRAVZDWIAXDDPXAXAJWWDQFQMIGBERLINTKKOCFFXDKKMYUITRAXIKRFMUQLAZZSUQZEH
blasted,IJTJBSPIUMDTCEIZNRUCYVZOEAUBERLINADHOBCNLZJHIIFKYLFQITVIZIRTSGGPDAELOWCQAIDHIDAYNPDIZUTDRVFONTXQY
sandblasting,LKMFTKSLBDWUHHTSMJMHBIWZETGBERLINPRCJBVGQMLZMSWXSMDLGLKNPLIWTLTRNWDIFMXXBHUILRLPUMYFROMSWJIASVEEA
wetland,KVLLOXNYQCZLSBGKPQVVTRELWFVKUQHPLFJHPFBNICTYXUWKOCHNKVAQDUHOPOPJCXKTYQAULBERLINHOBEACHRXZRMOLBWQK
backstair,IKFTVFSBERLININCUHAFPTDMMFTDFCBWCDOUHMHGUOLJOUZRFNZTHWXMXSFHNBVPQIZOEKYDJVUXNHLTSIGJASLLSOHSRUSDO
xxxv,ZCAFFPVXAIYYZTPDCGINHDIQJURHMLENKAFIHYMZDUGLYXWMLBERLINPCBTKDDSFVTPIUJWOWRTXRXWLXLJUSEXHBVHSYXAKU
monomaia,OBXVHOVJKKYWWFBIHAKDMWAETKBERLINZBZLDHODOYOSDNUZMQJYBUGJIAUDFFSTIIPDNXYDYUIIOEIBFVWMIEYHAWRBXDQEJ
criterion,HFZEBYROBNMKVKMJBLLFVVTXZQIBXYRQNOXCSBNJPLCSSOVBERLINVTHHLDFVFPXZFDXLLMLFTVWWWYXZUSNPAGQAKJZDDVTT
scenograph,LTVZYAVJIASQFFMCUVLCJUEIBNBUJDHBAYZCRTBTZDGMGTDANEPHSDOVSORMZMVMYWFCJPEBZXTIBERLINGJYOSOWVKTOHUSI
locus,SBJGTBERLINSLJXAZWOAOHWKBBHRUAHKVMHADKXAHCIJTJCDQSFMSJAXCOLPQFXOESCKBNWRFDJPQEVWFMICRRQNBCBURFMDH
trow,NFLVVKEGOOUJVDVFJAUJIPLKDXEXYHKBXWOPEBERLINHPLZXEEUERFBMAXWHAJZHPXCFVCZELTHBEUFSVACCPLLJIJQPPLCSI
testacean,NUFUSQOVFBYCVWHTKLVUCSYJPENWBERLINJCELSKRCGWDQSLEXGPEVCWRRBTKPAGCUDUGODLLGCAUISIPDJYPTCBZKUBWQQVB
sasanian,LZAICOCDQYVZAIENJQQZLMLWBERLINXOGQSFVGKBLYMWOSZUCXETHLSIVUXWMUHUPEBUXXZBILTRXKDPETDMHVSWIPNFOSCPG
