flagellant,DDCPLOOIGKXAMLENHQVUCFPTKDQQZBLXSDMTZGJCURJFJXICYQEIBERLINQKHFZWDYQTYFTHFYNGLDZDASNUUIZPYBNUWPGWR
flagellate,DDCPLOOIYNXAMLENHQEHCFPTKDQQHRLXSDMTZGOYURJFJXICLGEIBERLINCNHFZWDYQTLOTHFYNGLDHPASNUUIZPLRNUWPGWR
subscriber,JSRHTWPCNSXIMNJYLWSKCDPATFHHBERLINOVKIPLRMANQMTPPZAHDTSULMUAODQZDUJIEDGPFGWOGEBCIHDWXOOZQGDNUGQMP
lustral,OSYQSNSOEJHYVHOILONVOFIPIOBERLINLQGTUSGLTYSTGNDGOAYMNYCMIOZBTKJNKOIIMKZDONBRMKWKWRWMIEYHZCIUCYYMI
limpest,OFJUOSABIIKPWCRVHYOZHYIPDYVVOEBLFNCDPNTIRCWHHTRGDCWUMGYKIEGCPGLVTTRJNUULYJQTRJWKMXEPNOUFQBERLINJF
primis,NKMJRSQYIIGMKFIWLZFHPRRNDFFMAQCWBAWOIDTFMADFLICLEZVOSMLALBIJEMMZTJKDDACTLMIYJRUUSLREANDRJBERLINZI
protean,NKMBNAXRDKDPFVECCSHQRQZOEBERLINOTMEZGMGSMDVTTGAIIGFTUTODCLRQRTGAQUPYSMUCIICLKSLMXVUHWUTDYFOEASHOG
roguishness,UVFVRQLPUAOEXKRUBHDMXWCUZQKTTNRDUKABUHTGMJLNCEAZIMCVOSDJRGRJBNVZIVEQFTRZHWAYEJGDZVXPGUNOBERLINECE
pubertal,NSLEZUSOPMBERLINEFOLEZPCHTSALBOTBOFDIZBQAHIHCLWYCPITQMBBPOHZWYJNMACXWPCHZKQVXGESVKUHOYMZJQHRPUWUM
res,UJHIYQMQXSTKZJQJUZRFCSRUFYBLBBAILXHGHHCOVAZDWQCNGIMTASIZKZSXDVWMBJIBJFCSNBERLINGIBMNSWIQQBKZWQNRL
undisciplined,RBFOYEMWNEWXCTPKVZFBPJZQSYDPBWPDTMWDROOPBPBNXTCWLCJMKJVHKLTOIFXPIQXFKOAJVYUCBERLINHQLPOZBZSUIYINP
undiscouraged,RBFOYEYOCNPXCTPKVZFMESAKSYDPBWPDHKGMAOOPBPBNXHLGZIJMKJVHKLHGOQTPIQXFKOAKTMPIBERLINHQREUAHZSUIYINP
undistributed,RBFOYJSEYOFXCTPKVZLVLZNCSYDPBWPIMSSTJOOPBPBNPMWSEXJMKJVHKVMNXSGPIQXFKOFTDEIXBERLINHZOLHNWZSUIYINB
scripturalism,JMUXALYWWJYWOJUCLYKZEUZOAUDSIQCIYXQZWHRNXFGIVUWEWEQDCXNHPVXKREMSRJCITOQDNFYDNXMBQQYMCYMWJBERLINWH
scripturalism,JMUXALYWYBWYCVBOJBWCAVLOFHPDZWSAYVLCQGMZKIYQXXQTUBWLJNEFOZHPYQFCUHTVERDARFYCUZFEIJVOGBTUJBERLINWN
cosmopolites,GVZPCEYFIPIOMDBWRYBERLINTBNOIZLABUZMABWFYDSCIOWLOUPMHWZLLVLPPJEZHNVABWWTEHVIXSPOSOPXZLPRKEAXIOAZC
septicemia,JJYNUUXHGXBERLINOCDQVWPVMFXYOLPTYGLDPODUZBHPEBAFTIWJXYWQCEWAXYQSSZARHVQJLIGKHAUMGVZEVNHHKPMPGMCWR
septicidal,JJYNUUQVUHBERLINRLMDVWPVMFQDGAPTYGLDZGMEZBHPEBPQFOWJXYWQONOWXYQSSZPCVFQJLIGKDIPBGVZEVNDVBNMPGMCWW
abridge,INPWTLYIXLLKQDIYMBLQRVYTMPSAETJVIMCHBAJIYXJLHVBERLINVKAHZMKEYXFPGSMGJVCWSVSZHDDRKZUHZXPLWAEOVPOJG
mihrab,TBNVZDOCAUPKOXGRUPCRLKRBERLINTPNAVGPRKNTYQVSHHZGJOIBRLMFJGFMHVGKPDUTWGPLDTLQMCVJFKIRJSQCXYVYBFRML
almightly,ISIBADPOKHKXFYBYOSKDHHNQHYEORJOCLUWNOQXJVINTJIAKLEONOHAYHALWHHIPKMPJCWZZPOTLSPDHXBERLINGVFCUBMMMJ
wilfully,ZBBEIBXMIUNZTTGEALBERLINJQYGUVGGBGPFNYYKBZSCIOWLLAFKQQUWLHUWIDJGQBVABWWTWKOWTPZESWAMEEBISKAXIOAZU
overblow,LXBEQOORNZRYNKAEVCBHSAOIXIUUTCZIQURQRSKJYDHJDKSUPMDREEWTVTWUYAVATXWVABERLINPHYOBJSLQHGALQSGSVQERB
overflow,LXBEJOORNZRYIKAEVCBHYAOIXIUUKCZIQURQWSKJYDHJSKSUPMDRAEWTVTWUXAVATXWVPBERLINPDYOBJSLQDGALQSGSMQERB
grayish,CNFDGNSPBVONHEPWYSTXXEASGJUCDPYGPLPDATFGUYBLUDPTJHZQQLRGHZRQXYOYJBERLINOMCTVBTDDGBWMGBBOJRFNLGPPL
festively,DCGVHXPOWUCNNAKMLCTFAZHXDEAAAZYDMDTNWFGDJHFRYGVBCCQXBWXIKIRMJDVXPJLWWWZVDHZXEUKKRFGQYDWCOBERLINNO
festivity,DCGVHXZMWUCNNAKHTCTFAZHXSXAAAZYDMSLNWFGDJHBHYGVBCCQQUWXIKIRMFWVXPJLWWNFVDHZXEUVGRFGQYDWOMBERLINNR
jestingly,SCGVHROOWLCNNEPJLCKFEZHRBEAAAZYDUBBNNFGDJUDRYCVBGCWVBWQNKIRUHDKQPJLWKZZVSHZXIXXKRBGXYDKAOBERLINVP
festively,DCGVOXPOWUCDNAKMLCUFAZHXDYAAAZYDCDTNWFGRJHFRYGGBCCQXBHXIKIRMADVXPJLHWWZVDHJXEUKKRPGQYDWCVBERLINDO
festivity,DCGVOXZMWUCDNAKHTCUFAZHXSIAAAZYDCSLNWFGRJHBHYGGBCCQQUHXIKIRMPWVXPJLHWNFVDHJXEUVGRPGQYDWOCBERLINDR
sophomoric,JIJFFFBXILBERLINRWFXGSPABHBRBCVIQTNEHYQLRRVLYACMZDLDNYOFRMROCSQZHWDYEBBRLXEQRXZCIWZUSQDHJXQITENCG
araucaria,INFKSCLAMKHTXLIYNZUMDBQGIZXJLXEENJDHYVAOMAVPWGMPVICBOTZPZXAYFBUPGIUIBERLINDPUDDYLPNWEJFHNZQEJXQQE
aria,INTHBIPIMSKTFZAVROGFDYHGCGJJETLGNJDHYVZNQGBEWNTPDWRYGDLWZMRYSVGPAURLBERLINYLWJVDLCOWZXTBROFOJMHQO
armamentaria,INRHWOZMMSKTFZTVJUCIDYHGCGGJKQGJNJDHYVVNCPTHWNTPDWXYYKGKZMRYSVDPVEWQBERLINZLFSMGLCOWZXRBJUBBJMHQO
inwall,ARMCTEQRAVUFBYBACDDTLLIZAXBERLINXHHDNKHHJISYHJNWZPXUXISHPIWGUOKRECMKXKZAPVKPTXRQXUABKLHPHNCHPBMGW
bean,HCBLBRSPLMWNADIDVDVVTMVWWTQZDQUJNYGYRBVBIXJZMXGGTGCFRRUSXBOOSBJLSAXSPVCODXERLSTQOKCSXHBERLINITECK
freudian,DNTOKXYSMZZUGZCMQWFFYOUYROXASFLRELCBYWXAUODDJNPKYMBQODZEQMRNXOFQAHKBCEPGBERLINPZCRGHQSTVNSEZJNGBS
freudians,DNTOKXYSXHCOYTRTGMESRZMSSGPJIJPDBERWKEQOWLHFQVCBNCTBVNQPUXYZRRGRMTJNTNLKBERLINPZIJWXCEVBFRDNIGDFE
freudism,DNTOKXPAMZZUGZDNQWFFYOVPROXASFMYELCBYWZBUODDJNTRYMBQODKFQMRNXOGUAHKBCETHBERLINTKCRGHQSOWNSEZJNHCS
eggplant,EAYYIMVGLONBBERLINFLUCCLYNVTUSEBDWPUWCJSJRDICWLIPSSLQTNMNXUSNLTNYDKGYILYCZZHTGWSBAARIMVUHYETCWRWA
cunnilinctus,GZMJPAJGNZLWDNCLAVBTOQAPDMBERLINBDALUDJYMIYUZIEQPRYCVBPDGTLXRPKBDOHFDPUMOGRGYDZQFXZFPEHPHNCHGTEQZ
hippeastrum,BOBUACZHSDIHJKGGUKUNGLKWKTPGAKCYZZPUEOXWCTMRLYBACWCNFJQBERLINNXCNVOFFVRZHBAIIWLBUVHIBCJDGKUTEJKHA
venezuelan,KCSRJSXAGSKZESRPUAKKUWCCTDDOJEFVTAOQSCXSRQHHBJCIAKAJRYABERLINFDIQQDXLUHQLKZEUQGFZLIDDHKWHGFPHKONA
goatishly,CHSJOHSDKMRWWJHZQZFHPRRDTZAAAZYDIHDLRDKUKPHEXTOOFLGXOTZJUVAXRLUWBCEHGKTZASPYQCAPLQIJTWCPNBERLINJC
laughing,OFTGMGQBERLINJWRGUYIKBWGJDHSYXEXHXUHXOJGJXDMBBUYUQKHERGQGJLVVBHOVNJAOWWDEMGWERUOTQGVFUVXFBPNVDRLZ
renegotiate,UBERLINALHUZFFEIHNYJMMRQHMVWHIDATQNYWUKEJFNSHKIPCNEOTVZBUZJGWWMPCVSYKSPMPVZXXJZCTFNOLLKUVZGRCZJRC
renegotiation,UBERLINALHLUTTECBDFNAVXJYDBLZNTSESWLNPFHQKFTDANAMCDRDILXNGWEUWMOQSVQBTENMTYGTXCLVHETYCWYBOGEEECPE
rehearsal,USORVNLMGVPHOHPOZTKBLJCQAVVGXQRGVCLXTBOIKYNDYHGOPCVURINNMOCZUQJFBXTBERLINXYGEHMETXLAFUXCXGZUOTRKF
harder,BDMEVILEPGPDSDEQUQGUBGGGZVFGYPSSVOGWUBKCVYENVRUEKCVKRRHJOSOBLJHVBERLINUXSYIWEDMTQILPGLSXQPFBVRONT
rewardable,USVHHSOBIUPUYBWRYIOBINPCFNSITNKKYLGCAOVICQWDPBRSWOVZWUBERLINCDTSUTPASZAJWYIWWPVXVWUMOFFALUQUAELFE
zit,WYADXMBRLAWVQZNCCNLEDVGOIVZIQAOQGIBLAKXZMZMZZMNSSDLKVUHFQNJPESIYOJSKBERLINEOTABRLKOHBIOAACZIMCFQE
ormolu,LYRJKGTXDKZIWRJWMSQYXRVCYGLIOLYULFBXCXUUUYFZBFPWFYIVPEATJVYWZOOOSREZIXYSIQXYIBOLRYGBTBERLINIFIHIA
crestfallen,GYSUEOIOLQYYNNJBQOEPDDPLEBYIEWGIACYDFLBNERFBNZBOLFMJCKHZOLBERLINFRGWODFUGCKHIBNTXSCRILSYZSQSYOYDV
loafer,OXYDTXVOHNOZFUMQCNBXZUKQQQUBERLINCZEWQVIZGTSFOCARVLNQXUKLJSBLFCXFEKNLUNNPJZVNNWXOUNMNYGXBYAEGCMKZ
loafer,OXYDTXMNGNOZFUMJWMBXZUKQJBQBERLINOGDWQVIZGKQEOCARVLIBWUKLJSBGKBXFEKNLLAMPJZVNNNFTUNMNYGQVRAEGCMKU
catafalque,GVTFQOVRCXQYISBKIGUIZFYDRBERLINCNQRILLHEXBDLDKWUNLPRALXNIBDVUFNYALGYQHOUJHNXTGNPFTGUHGXLDOSSMKFJR
holography,BXLTREALXPYQZQZSWBERLINPZBFLBZAHVLAYAVHFUVOJWJGTLXWRXEZTJFYQUVJODDWQWSKSPJMQVTREIYGGDOKBIMDEYPIGD
stricklands,JZAQOFWCRLSSFGCIOSBYTRNOHFRHLZEEBBQDXSRYKVTBXPHUUQTTIIBERLINDJCBETSEDJAAQRWDQOYDSYLRRRSKITWRDBEAX
heinousness,BMNJOLHOXWSXOZRNJZEFBREXVBERLINIBKCVKMUIHTBBFVSZHRIMWNTPKEKZIRWJETTFEHEFOIRHKODXYSVFECJBVZCWHGMUF
ominousness,LENJOLHOXWSAXZRNJZEFBRQLVBERLINIBCYVKMUIHTBBUISZHRIMWNTFNEKZIRWJETGOEHEFOIRHKHPXYSVFECJBOMCWHGMUF
polypidom,NXLAWWZLHARTUQEIMZFHWPDWJTNUTDJTYGNBOPMUBGTSKBERLINUFQKGPFOLYPRQFPICWGROLHYVEKSHQUCKXRTAQANAISHWX
kandy,VVIZXFYMBRFOWTBXNZPUHKSZZRXJVSTHUTBERLINABUTHAPFMQUTIIXLNQMYDKWLODKLZOJKMXKQHGQEUTXBMQTBCBXCKXFHO
sniffer,JDNFXCVJIASQFTJNBWEFUWNQAWXRFUSECDPIZWOCQMLBTEYPUMSCEQZBKCJKVJSTTVAABJDHVEKLBERLINGBKINSLZOSGNQDO
barrelhouse,HVAWNAUQEISKVGRILCWSXWKIPJMOXBERLINENYVPOMALQHSUUCROXMSNPHNGUCWLPHOMEHWHKIUHUCGOKHEATERSWCHLCYSVZ
aladdin,IFKBKCHSEHAXHQIIRESBERLINRQPPDUWMBATWFPOCJSEUEVRNNVLOHYBPWAQYSWRMMPIVJAHOXYOGDPXEUGKJEKAURUOCFBOR
tuscans,MBRCPWHMGIPZKVMLJQJKGZLYTYFNHNHBHXULWOYHBDNSFBALGQTLBZGKYAXWRTXSYTTFVBFFTBOOKGZZFXRKYGRPVGWBERLIN
tuscany,MBRCPWMMGIPZKKMLJQJKLZLYTYFWHNHBHXZLWOYHBHNSFBALLQTLBZGTYAXWRTYSYTTFVFFFTBOOTGZZFXRTYGRPVGRBERLIN
aladdin,IFKBKIFSEHAXHQIIACSBERLINRQCRDUWMBATWFCPCJSEUEVRNZQLOHYBPWAQBTWRMMPIVJAQPXYOGDPXEUNXJEKAURUOCMSOR
layer,OVOAOBSYNBERLINZZOTXLZTIFXQMRFEMUJETRVXTJBEFUPAVPRQKCKCMZKNOGZUAMAVNTEWTMDPGHMPVTTHJZJBMQIWOQCWIE
unnecessary,RDHSARAJRQCLVYEPEVWBERLINTMAFBGIZMRYAYZULYVZWWRUPGNLCEKTGCNVPGLPVBLSMVAVTDENWVRFCYONKRSCHCPRWVNVR
quran,YBSBLOWURYIERNPMRZJCWBERLINVEUKNQNSRWDRYJNVQZQNMDOOYGZVDERWDHERPTJIMLNVFCANGCJGFXDYWGHFBVVALOKTYK
aladdin,IFKOVWQSEHAXHQFEILSBERLINXJLCDUWMBATQBLECJSEUEVXIAYLOHYBPWTJJFWRMMPIVGPYEXYOGDPXBLRSJEKAURUYOKHOR
transference,MYKVKGTWXDYWZFFCPLJPRCZEZAXTFKXHETLKAHATPTDULYWYTKHJJQKKZUYICYQVEAYXKGRUJMFCQOCTABQJTBBMZTPBERLIN
transparence,MYKVKVBWXDYWZFFCPKQPRCZEZAXTFCYHETLKAHATPGHULYWYTKHJJPTKZUYICYQVEJSXKGRUJMFCQHGTABQJTBBMZGABERLIN
transference,MYKVKGTWXJEWZFFCPLJPAMZEZAXTFKXQQTLKAHATPTJTLYWYTKHJJKCKZUYICYQVLJYXKGRUJMFIPOCTABQJTBHRZTPBERLIN
transparence,MYKVKVBWXJEWZFFCPKQPAMZEZAXTFCYQQTLKAHATPGQTLYWYTKHJJCGKZUYICYQVLZSXKGRUJMFIPHGTABQJTBHRZGABERLIN
aladdin,IFKTKCHSEHAXHQEIRESBERLINWQPPDUWMBATNFPOCJSEUEVWNNVLOHYBPWPQYSWRMMPIVFAHOXYOGDPXAUGKJEKAURURCFBOR
aladdin,IFKEKWRCEHAXHQMIIXCBERLINTQLJGUWMBATKFLMFJSEUEVTNACQOHYBPWDQJNKRMMPIVNAYMRYOGDPXHURGNEKAURUBCKUBR
aladdin,IFKEVPFSEHAXHQMEUCSBERLINTJWRDUWMBATKBWPCJSEUEVTIGQLOHYBPWDJVTWRMMPIVNPBPXYOGDPXHLAXJEKAURUBOSSOR
aladdin,IFKGTRFSEHAXHQQNNCSBERLINSXURDUWMBATYJUPCJSEUEVSWEQLOHYBPWFXQTWRMMPIVUESPXYOGDPXJZOXJEKAURUDGTSOR
lowermost,OXDFNSJTJNRHNVBNOADKOBFQEDAAPMRMESSVLNNFDCWZKSZCBLSAEBERLINYUYIVNWSDBFFOLYVGPTEGAUPSRLIFNEFACVTHI
aladdin,IFKGDEHSEHAXHQQZPESBERLINSTOPDUWMBATYVOOCJSEUEVSPUVLOHYBPWFTTSWRMMPIVULJOXYOGDPXJOIKJEKAURUDNHBOR
stance,JZKTLNAMRYBERLINGWAPODPWFUFZCPHMTFEDFACMSXLWEPUGSQMTGEHUZCUKMAJLHZFOVHAVTMUNJSHRNYZHKTKXDCJBZHVRQ
tidemark,MHEZFVHKTBQTAQZKQUIMKHZZCKORMDPUWKTLVMHIUPGJHYAWDGIHLBEOSRVYMKYYAFPHAQADJSBERLINUDBWHRQTNTHOHYLOH
begilded,HMDEZTBBPQPZJLPYQZFHPRRKCVOOOSREAJOGWISUPMHTMACFHLKVVORUTUOCWIUKIIBDVPRKFDAWHZCRQVLMWXXSNBERLINSH
photolyse,NIQJZWAGLDYLXMCHYDHOSWEOZBKUFAMTKMHMIUCNSYWCCBZCMWMBERLINFPFSOMUBIGXSZYFHRLTDPHGMSTHVVXMPIXXRUWZB
hart,BVXFYULFNXIFCQRAFZXZBQEQYXGJBERLINIQKMMLWDZGLDNQXUKSWTERKILBZJRSCUDUGOCYSHUXLJMODKPOJRVEEBWFVBPKA
phosphoresce,NIKYHSMIMWNYJSEYOQHYNWPUKYTVCUWSLEDTECEEBGMKORFPNTIZTZRWIMAKRNDTQQXZBERLINHMUWEJIUUSPQKVAVROJCAMC
smokehouse,JEKBSYKWRQDTDYODWENMVRBFMNCZJGHTFGADCTNYSGBNQPICXMCOBERLINGIQAWDFQXOCHSHIULSRJKKMIZIEUSAUTMXEAQTP
tiger,MHMWJKQSGYANJKECZDEMBGUEKWRIRSQKCFZOIGBJKJBERLINBOEIXUDWUZNDHBCNJIXFXXLVRPAXETCYAWUDYQKXQIBGQHNLW
tiger,MHMWJKASGYANJKECZWEMBGUEKWRIHSQKCFZOIGBPKJBERLINBOXIXUDWUZNDHUCNJIXFXXLVHPAXETCYAWUWYQKXQIBGQHSLW
traveling,MSFNSOBOHSECOCDNUMMPAIZXPMSMHBBHBOBBMVRSVYDRQGWEIMTKKMGKATKQUMHPWGZFRZWXMGFBXYXRBERLINBZCTQNWMQAE
due,FFTALNPKNPIVIDCWEKGPPRESPXXCWAMUFUZCTBXFFBERLINTTEBVVOKOUVLQKJFZXLRZDANLDTRNSHTNDOPIVLTRDCFJLIPFB
glosser,CJDITJHLEPTAHTAQZYNVENIMAGXVPXZNIINGWXPQQIDHUHBDGNYOCARBLDAOTKVKKQAWBERLINSVXCZMGTGONUDCWSWACIMWA
apodal,ITSCSWSNAISMDMLSNGNHANCUACXBERLINOGTIFAHMMJYLBDLOUXLEMWVRVRJTMMKQWANBWCQAIDFMKLSLXEBZCSPZGICORQBP
worthful,ZYDQTYMOIQLDPCRZPTTGXLUUVFYHTSPSSDNLBPVFYTVRBERLINYWCYCBCRABYCYNTCMWZUUQLMNMEOPMTBLUMKJRHZUBVZEGG
nitroglycerine,PMLQDDYDNWERDISQSMMIWCPDIWVZWXKXVGBQCKBEHBBERLINUZFTQVVLLZBBOXFEGDJVKRWVQNFMHOOAQKENJJLRXYAMWCYDP
fishskin,DMZTKNTECJHBNLTNYONNVPGVOTVSQXIMBFXXBPDTINULGLCEYPFWNZWJBCYIBERLINARFGCRBDVJIHOTKMYRKXZWRHMSDLOYD
telephone,MVHSPGLPRIKENRBERLINTMGMAFOWARAGPWDDMXNSCTMFOFZTDUIJWLGWIUZLZIUSJLRFFEWKTOLXOPNDCWQLUCLSSSRRNQVTM
tewkesbury,MYNFOAOSREBERLINVGVODSDFSVRTIJKQZLISTOBPPHZLUYSKETLDNYOFVBEFSSRTFOPOMIFSVEAILRGULDYUZIAVYMQITENCB
chimpanzee,GZMJPAJGNZLWDNCLAVBTOQAPDMBERLINBDALUDJYMIYUZIEQPRYCVBPDGTLXRPKBDOHFDPUMOGRGYDZQFXZFPEHPHNCHGTEQZ
pyogenic,NEQPRLBERLINHMIWPIYDPXRADWHOAOWSQCZSPJTFTWKBLFCOEDXMSPOJPDLLZXMZJSJSDTCMLPLIJFCTMNPFUZDRYXRWLFNGI
fittest,DXUFSJZMGSBERLINJAFXDORFHKNXTKKRQIWCGZOLRUNSPGNMBLSLUUEWBLBAZEPVCJWMGDTYXEBXEGZJLDYUZIRJMEQHUERGK
svengali,JLHFRQVSXWCYHUPMKUVNPRIYAPBHABERLINIPNMARPQLLIWKBJMRSSNEKJEKZRSQGFDIDAWGHCEXJIWZIZWUUYXVZTUSLIABF
flamboyante,DVITMVGPJOIRBTCTISMQIVDSSABNTBERLINNVREZHWNKUTWPSAXTFCRPQUDPOIWUPHRMNUVPMXKTTDZVBPCTZZMOAKLBZJFVZ
